system,criterion,k,population,recall,ci_lo,ci_hi,n_substrates,n_references,mean_emitted_at_k,mean_emitted_untruncated,predictions_from,references_from,interval
whole bank,exact,1,comparison291,0.0752,0.0565,0.0971,291,665,1.0,98.371,results/widepools_implicit/w*.json,"results/test_references.json, re-keyed",computed here; the repository stores none per arm
whole bank,exact,3,comparison291,0.1789,0.1469,0.2143,291,665,3.0,98.371,results/widepools_implicit/w*.json,"results/test_references.json, re-keyed",computed here; the repository stores none per arm
whole bank,exact,5,comparison291,0.2376,0.2,0.2794,291,665,5.0,98.371,results/widepools_implicit/w*.json,"results/test_references.json, re-keyed",computed here; the repository stores none per arm
whole bank,exact,8,comparison291,0.3068,0.2629,0.3538,291,665,8.0,98.371,results/widepools_implicit/w*.json,"results/test_references.json, re-keyed",computed here; the repository stores none per arm
whole bank,exact,10,comparison291,0.3308,0.2846,0.3807,291,665,10.0,98.371,results/widepools_implicit/w*.json,"results/test_references.json, re-keyed",computed here; the repository stores none per arm
whole bank,exact,15,comparison291,0.3865,0.3367,0.4387,291,665,15.0,98.371,results/widepools_implicit/w*.json,"results/test_references.json, re-keyed",computed here; the repository stores none per arm
whole bank,exact,20,comparison291,0.418,0.3666,0.4739,291,665,20.0,98.371,results/widepools_implicit/w*.json,"results/test_references.json, re-keyed",computed here; the repository stores none per arm
whole bank,exact,30,comparison291,0.4602,0.404,0.5187,291,665,30.0,98.371,results/widepools_implicit/w*.json,"results/test_references.json, re-keyed",computed here; the repository stores none per arm
whole bank,exact,50,comparison291,0.4902,0.4312,0.5512,291,665,49.931,98.371,results/widepools_implicit/w*.json,"results/test_references.json, re-keyed",computed here; the repository stores none per arm
trained budget,exact,1,comparison291,0.0782,0.059,0.1002,291,665,1.0,15.639,results/widepools_k30/all.json,"results/test_references.json, re-keyed",computed here; the repository stores none per arm
trained budget,exact,3,comparison291,0.1865,0.1548,0.2219,291,665,2.997,15.639,results/widepools_k30/all.json,"results/test_references.json, re-keyed",computed here; the repository stores none per arm
trained budget,exact,5,comparison291,0.2541,0.2148,0.2967,291,665,4.966,15.639,results/widepools_k30/all.json,"results/test_references.json, re-keyed",computed here; the repository stores none per arm
trained budget,exact,8,comparison291,0.3068,0.2625,0.3541,291,665,7.605,15.639,results/widepools_k30/all.json,"results/test_references.json, re-keyed",computed here; the repository stores none per arm
trained budget,exact,10,comparison291,0.3338,0.2863,0.3847,291,665,9.038,15.639,results/widepools_k30/all.json,"results/test_references.json, re-keyed",computed here; the repository stores none per arm
trained budget,exact,15,comparison291,0.3669,0.3151,0.4222,291,665,11.54,15.639,results/widepools_k30/all.json,"results/test_references.json, re-keyed",computed here; the repository stores none per arm
trained budget,exact,20,comparison291,0.3699,0.3182,0.4249,291,665,12.808,15.639,results/widepools_k30/all.json,"results/test_references.json, re-keyed",computed here; the repository stores none per arm
trained budget,exact,30,comparison291,0.3729,0.3215,0.4286,291,665,13.928,15.639,results/widepools_k30/all.json,"results/test_references.json, re-keyed",computed here; the repository stores none per arm
trained budget,exact,50,comparison291,0.3729,0.3215,0.4286,291,665,14.787,15.639,results/widepools_k30/all.json,"results/test_references.json, re-keyed",computed here; the repository stores none per arm
metatox,exact,1,comparison291,0.0346,0.0211,0.0505,291,665,1.0,32.536,results/metatox_smirks_preds.json,"results/test_references.json, re-keyed",computed here; the repository stores none per arm
metatox,exact,3,comparison291,0.0992,0.0759,0.1261,291,665,3.0,32.536,results/metatox_smirks_preds.json,"results/test_references.json, re-keyed",computed here; the repository stores none per arm
metatox,exact,5,comparison291,0.1534,0.1235,0.186,291,665,5.0,32.536,results/metatox_smirks_preds.json,"results/test_references.json, re-keyed",computed here; the repository stores none per arm
metatox,exact,8,comparison291,0.215,0.1763,0.2566,291,665,7.983,32.536,results/metatox_smirks_preds.json,"results/test_references.json, re-keyed",computed here; the repository stores none per arm
metatox,exact,10,comparison291,0.2647,0.2204,0.311,291,665,9.959,32.536,results/metatox_smirks_preds.json,"results/test_references.json, re-keyed",computed here; the repository stores none per arm
metatox,exact,15,comparison291,0.3429,0.2908,0.3973,291,665,14.677,32.536,results/metatox_smirks_preds.json,"results/test_references.json, re-keyed",computed here; the repository stores none per arm
metatox,exact,20,comparison291,0.3714,0.3169,0.4286,291,665,18.9,32.536,results/metatox_smirks_preds.json,"results/test_references.json, re-keyed",computed here; the repository stores none per arm
metatox,exact,30,comparison291,0.3955,0.3394,0.453,291,665,25.691,32.536,results/metatox_smirks_preds.json,"results/test_references.json, re-keyed",computed here; the repository stores none per arm
metatox,exact,50,comparison291,0.4226,0.3654,0.4808,291,665,32.536,32.536,results/metatox_smirks_preds.json,"results/test_references.json, re-keyed",computed here; the repository stores none per arm
sygma,exact,1,comparison291,0.1414,0.1164,0.1697,291,665,0.997,40.505,results/sygma_fulltest_predictions.json,"results/test_references.json, re-keyed",computed here; the repository stores none per arm
sygma,exact,3,comparison291,0.2707,0.231,0.3148,291,665,2.99,40.505,results/sygma_fulltest_predictions.json,"results/test_references.json, re-keyed",computed here; the repository stores none per arm
sygma,exact,5,comparison291,0.3549,0.3116,0.403,291,665,4.976,40.505,results/sygma_fulltest_predictions.json,"results/test_references.json, re-keyed",computed here; the repository stores none per arm
sygma,exact,8,comparison291,0.3985,0.3526,0.4493,291,665,7.921,40.505,results/sygma_fulltest_predictions.json,"results/test_references.json, re-keyed",computed here; the repository stores none per arm
sygma,exact,10,comparison291,0.4271,0.3806,0.4768,291,665,9.856,40.505,results/sygma_fulltest_predictions.json,"results/test_references.json, re-keyed",computed here; the repository stores none per arm
sygma,exact,15,comparison291,0.4541,0.4064,0.5049,291,665,14.632,40.505,results/sygma_fulltest_predictions.json,"results/test_references.json, re-keyed",computed here; the repository stores none per arm
sygma,exact,20,comparison291,0.4662,0.4191,0.5145,291,665,19.292,40.505,results/sygma_fulltest_predictions.json,"results/test_references.json, re-keyed",computed here; the repository stores none per arm
sygma,exact,30,comparison291,0.4737,0.4268,0.5224,291,665,27.643,40.505,results/sygma_fulltest_predictions.json,"results/test_references.json, re-keyed",computed here; the repository stores none per arm
sygma,exact,50,comparison291,0.4767,0.43,0.5251,291,665,40.505,40.505,results/sygma_fulltest_predictions.json,"results/test_references.json, re-keyed",computed here; the repository stores none per arm
metapredictor,exact,1,comparison291,0.1353,0.1108,0.164,291,665,0.997,13.68,artifacts/tier2_1170/metapredictor_preds.json,"results/test_references.json, re-keyed",computed here; the repository stores none per arm
metapredictor,exact,3,comparison291,0.2466,0.2108,0.2862,291,665,2.983,13.68,artifacts/tier2_1170/metapredictor_preds.json,"results/test_references.json, re-keyed",computed here; the repository stores none per arm
metapredictor,exact,5,comparison291,0.3023,0.2625,0.3468,291,665,4.969,13.68,artifacts/tier2_1170/metapredictor_preds.json,"results/test_references.json, re-keyed",computed here; the repository stores none per arm
metapredictor,exact,8,comparison291,0.3774,0.3346,0.4249,291,665,7.938,13.68,artifacts/tier2_1170/metapredictor_preds.json,"results/test_references.json, re-keyed",computed here; the repository stores none per arm
metapredictor,exact,10,comparison291,0.409,0.3645,0.4576,291,665,9.887,13.68,artifacts/tier2_1170/metapredictor_preds.json,"results/test_references.json, re-keyed",computed here; the repository stores none per arm
metapredictor,exact,15,comparison291,0.4451,0.4014,0.4931,291,665,13.471,13.68,artifacts/tier2_1170/metapredictor_preds.json,"results/test_references.json, re-keyed",computed here; the repository stores none per arm
metapredictor,exact,20,comparison291,0.4466,0.4026,0.4948,291,665,13.68,13.68,artifacts/tier2_1170/metapredictor_preds.json,"results/test_references.json, re-keyed",computed here; the repository stores none per arm
metapredictor,exact,30,comparison291,0.4466,0.4026,0.4948,291,665,13.68,13.68,artifacts/tier2_1170/metapredictor_preds.json,"results/test_references.json, re-keyed",computed here; the repository stores none per arm
metapredictor,exact,50,comparison291,0.4466,0.4026,0.4948,291,665,13.68,13.68,artifacts/tier2_1170/metapredictor_preds.json,"results/test_references.json, re-keyed",computed here; the repository stores none per arm
biotransformer,exact,1,comparison291,0.003,0.0,0.0079,291,665,0.928,11.375,results/biotransformer_allhuman_one_step_preds.json,"results/test_references.json, re-keyed",computed here; the repository stores none per arm
biotransformer,exact,3,comparison291,0.006,0.0014,0.0127,291,665,2.756,11.375,results/biotransformer_allhuman_one_step_preds.json,"results/test_references.json, re-keyed",computed here; the repository stores none per arm
biotransformer,exact,5,comparison291,0.006,0.0014,0.0127,291,665,4.502,11.375,results/biotransformer_allhuman_one_step_preds.json,"results/test_references.json, re-keyed",computed here; the repository stores none per arm
biotransformer,exact,8,comparison291,0.0075,0.0015,0.015,291,665,6.856,11.375,results/biotransformer_allhuman_one_step_preds.json,"results/test_references.json, re-keyed",computed here; the repository stores none per arm
biotransformer,exact,10,comparison291,0.009,0.0028,0.0172,291,665,8.12,11.375,results/biotransformer_allhuman_one_step_preds.json,"results/test_references.json, re-keyed",computed here; the repository stores none per arm
biotransformer,exact,15,comparison291,0.009,0.0028,0.0172,291,665,10.148,11.375,results/biotransformer_allhuman_one_step_preds.json,"results/test_references.json, re-keyed",computed here; the repository stores none per arm
biotransformer,exact,20,comparison291,0.009,0.0028,0.0172,291,665,10.976,11.375,results/biotransformer_allhuman_one_step_preds.json,"results/test_references.json, re-keyed",computed here; the repository stores none per arm
biotransformer,exact,30,comparison291,0.009,0.0028,0.0172,291,665,11.278,11.375,results/biotransformer_allhuman_one_step_preds.json,"results/test_references.json, re-keyed",computed here; the repository stores none per arm
biotransformer,exact,50,comparison291,0.009,0.0028,0.0172,291,665,11.375,11.375,results/biotransformer_allhuman_one_step_preds.json,"results/test_references.json, re-keyed",computed here; the repository stores none per arm
gloryx,exact,1,comparison291,0.0541,0.0389,0.0714,291,665,1.0,28.124,results/gloryx_service_preds.json,"results/test_references.json, re-keyed",computed here; the repository stores none per arm
gloryx,exact,3,comparison291,0.1519,0.1227,0.1854,291,665,3.0,28.124,results/gloryx_service_preds.json,"results/test_references.json, re-keyed",computed here; the repository stores none per arm
gloryx,exact,5,comparison291,0.2436,0.2076,0.2826,291,665,5.0,28.124,results/gloryx_service_preds.json,"results/test_references.json, re-keyed",computed here; the repository stores none per arm
gloryx,exact,8,comparison291,0.3263,0.2793,0.376,291,665,7.976,28.124,results/gloryx_service_preds.json,"results/test_references.json, re-keyed",computed here; the repository stores none per arm
gloryx,exact,10,comparison291,0.3669,0.317,0.4192,291,665,9.904,28.124,results/gloryx_service_preds.json,"results/test_references.json, re-keyed",computed here; the repository stores none per arm
gloryx,exact,15,comparison291,0.4436,0.3927,0.4972,291,665,14.34,28.124,results/gloryx_service_preds.json,"results/test_references.json, re-keyed",computed here; the repository stores none per arm
gloryx,exact,20,comparison291,0.4737,0.4197,0.5312,291,665,18.127,28.124,results/gloryx_service_preds.json,"results/test_references.json, re-keyed",computed here; the repository stores none per arm
gloryx,exact,30,comparison291,0.4992,0.4446,0.5566,291,665,23.67,28.124,results/gloryx_service_preds.json,"results/test_references.json, re-keyed",computed here; the repository stores none per arm
gloryx,exact,50,comparison291,0.5053,0.4504,0.5634,291,665,28.124,28.124,results/gloryx_service_preds.json,"results/test_references.json, re-keyed",computed here; the repository stores none per arm
gloryxr_default,exact,1,comparison291,0.0722,0.0544,0.0923,291,665,1.0,27.983,results/gloryxr_local_preds_default.json,"results/test_references.json, re-keyed",computed here; the repository stores none per arm
gloryxr_default,exact,3,comparison291,0.203,0.1687,0.2411,291,665,3.0,27.983,results/gloryxr_local_preds_default.json,"results/test_references.json, re-keyed",computed here; the repository stores none per arm
gloryxr_default,exact,5,comparison291,0.2917,0.2497,0.3359,291,665,5.0,27.983,results/gloryxr_local_preds_default.json,"results/test_references.json, re-keyed",computed here; the repository stores none per arm
gloryxr_default,exact,8,comparison291,0.3669,0.3205,0.4153,291,665,7.976,27.983,results/gloryxr_local_preds_default.json,"results/test_references.json, re-keyed",computed here; the repository stores none per arm
gloryxr_default,exact,10,comparison291,0.415,0.3671,0.4662,291,665,9.904,27.983,results/gloryxr_local_preds_default.json,"results/test_references.json, re-keyed",computed here; the repository stores none per arm
gloryxr_default,exact,15,comparison291,0.4827,0.4336,0.5348,291,665,14.326,27.983,results/gloryxr_local_preds_default.json,"results/test_references.json, re-keyed",computed here; the repository stores none per arm
gloryxr_default,exact,20,comparison291,0.5158,0.4668,0.5673,291,665,18.069,27.983,results/gloryxr_local_preds_default.json,"results/test_references.json, re-keyed",computed here; the repository stores none per arm
gloryxr_default,exact,30,comparison291,0.5429,0.4953,0.5922,291,665,23.598,27.983,results/gloryxr_local_preds_default.json,"results/test_references.json, re-keyed",computed here; the repository stores none per arm
gloryxr_default,exact,50,comparison291,0.5579,0.5096,0.6076,291,665,27.983,27.983,results/gloryxr_local_preds_default.json,"results/test_references.json, re-keyed",computed here; the repository stores none per arm
gloryxr_strict,exact,1,comparison291,0.0887,0.0689,0.1103,291,665,1.0,27.983,results/gloryxr_local_preds_strict.json,"results/test_references.json, re-keyed",computed here; the repository stores none per arm
gloryxr_strict,exact,3,comparison291,0.2211,0.1855,0.2598,291,665,3.0,27.983,results/gloryxr_local_preds_strict.json,"results/test_references.json, re-keyed",computed here; the repository stores none per arm
gloryxr_strict,exact,5,comparison291,0.3068,0.2642,0.3524,291,665,5.0,27.983,results/gloryxr_local_preds_strict.json,"results/test_references.json, re-keyed",computed here; the repository stores none per arm
gloryxr_strict,exact,8,comparison291,0.3835,0.3361,0.434,291,665,7.976,27.983,results/gloryxr_local_preds_strict.json,"results/test_references.json, re-keyed",computed here; the repository stores none per arm
gloryxr_strict,exact,10,comparison291,0.4211,0.3727,0.4727,291,665,9.904,27.983,results/gloryxr_local_preds_strict.json,"results/test_references.json, re-keyed",computed here; the repository stores none per arm
gloryxr_strict,exact,15,comparison291,0.4782,0.4298,0.5301,291,665,14.326,27.983,results/gloryxr_local_preds_strict.json,"results/test_references.json, re-keyed",computed here; the repository stores none per arm
gloryxr_strict,exact,20,comparison291,0.5053,0.4568,0.5566,291,665,18.069,27.983,results/gloryxr_local_preds_strict.json,"results/test_references.json, re-keyed",computed here; the repository stores none per arm
gloryxr_strict,exact,30,comparison291,0.5368,0.4884,0.5873,291,665,23.598,27.983,results/gloryxr_local_preds_strict.json,"results/test_references.json, re-keyed",computed here; the repository stores none per arm
gloryxr_strict,exact,50,comparison291,0.5564,0.5082,0.606,291,665,27.983,27.983,results/gloryxr_local_preds_strict.json,"results/test_references.json, re-keyed",computed here; the repository stores none per arm
whole bank,canonical,1,comparison291,0.0752,0.0565,0.0971,291,665,1.0,98.371,results/widepools_implicit/w*.json,"results/test_references.json, re-keyed",computed here; the repository stores none per arm
whole bank,canonical,3,comparison291,0.1805,0.1483,0.2158,291,665,3.0,98.371,results/widepools_implicit/w*.json,"results/test_references.json, re-keyed",computed here; the repository stores none per arm
whole bank,canonical,5,comparison291,0.2391,0.2014,0.2807,291,665,5.0,98.371,results/widepools_implicit/w*.json,"results/test_references.json, re-keyed",computed here; the repository stores none per arm
whole bank,canonical,8,comparison291,0.3083,0.2646,0.3557,291,665,8.0,98.371,results/widepools_implicit/w*.json,"results/test_references.json, re-keyed",computed here; the repository stores none per arm
whole bank,canonical,10,comparison291,0.3323,0.2861,0.3823,291,665,10.0,98.371,results/widepools_implicit/w*.json,"results/test_references.json, re-keyed",computed here; the repository stores none per arm
whole bank,canonical,15,comparison291,0.388,0.3383,0.4406,291,665,15.0,98.371,results/widepools_implicit/w*.json,"results/test_references.json, re-keyed",computed here; the repository stores none per arm
whole bank,canonical,20,comparison291,0.4195,0.3677,0.4753,291,665,20.0,98.371,results/widepools_implicit/w*.json,"results/test_references.json, re-keyed",computed here; the repository stores none per arm
whole bank,canonical,30,comparison291,0.4617,0.4059,0.5203,291,665,30.0,98.371,results/widepools_implicit/w*.json,"results/test_references.json, re-keyed",computed here; the repository stores none per arm
whole bank,canonical,50,comparison291,0.4917,0.4333,0.5529,291,665,49.931,98.371,results/widepools_implicit/w*.json,"results/test_references.json, re-keyed",computed here; the repository stores none per arm
trained budget,canonical,1,comparison291,0.0782,0.059,0.1002,291,665,1.0,15.639,results/widepools_k30/all.json,"results/test_references.json, re-keyed",computed here; the repository stores none per arm
trained budget,canonical,3,comparison291,0.1865,0.1548,0.2219,291,665,2.997,15.639,results/widepools_k30/all.json,"results/test_references.json, re-keyed",computed here; the repository stores none per arm
trained budget,canonical,5,comparison291,0.2541,0.2148,0.2967,291,665,4.966,15.639,results/widepools_k30/all.json,"results/test_references.json, re-keyed",computed here; the repository stores none per arm
trained budget,canonical,8,comparison291,0.3068,0.2625,0.3541,291,665,7.605,15.639,results/widepools_k30/all.json,"results/test_references.json, re-keyed",computed here; the repository stores none per arm
trained budget,canonical,10,comparison291,0.3338,0.2863,0.3847,291,665,9.038,15.639,results/widepools_k30/all.json,"results/test_references.json, re-keyed",computed here; the repository stores none per arm
trained budget,canonical,15,comparison291,0.3669,0.3151,0.4222,291,665,11.54,15.639,results/widepools_k30/all.json,"results/test_references.json, re-keyed",computed here; the repository stores none per arm
trained budget,canonical,20,comparison291,0.3699,0.3182,0.4249,291,665,12.808,15.639,results/widepools_k30/all.json,"results/test_references.json, re-keyed",computed here; the repository stores none per arm
trained budget,canonical,30,comparison291,0.3729,0.3215,0.4286,291,665,13.928,15.639,results/widepools_k30/all.json,"results/test_references.json, re-keyed",computed here; the repository stores none per arm
trained budget,canonical,50,comparison291,0.3729,0.3215,0.4286,291,665,14.787,15.639,results/widepools_k30/all.json,"results/test_references.json, re-keyed",computed here; the repository stores none per arm
metatox,canonical,1,comparison291,0.0346,0.0211,0.0505,291,665,1.0,32.474,results/metatox_smirks_preds.json,"results/test_references.json, re-keyed",computed here; the repository stores none per arm
metatox,canonical,3,comparison291,0.0992,0.0759,0.1261,291,665,3.0,32.474,results/metatox_smirks_preds.json,"results/test_references.json, re-keyed",computed here; the repository stores none per arm
metatox,canonical,5,comparison291,0.1534,0.1235,0.186,291,665,5.0,32.474,results/metatox_smirks_preds.json,"results/test_references.json, re-keyed",computed here; the repository stores none per arm
metatox,canonical,8,comparison291,0.2165,0.1778,0.2583,291,665,7.983,32.474,results/metatox_smirks_preds.json,"results/test_references.json, re-keyed",computed here; the repository stores none per arm
metatox,canonical,10,comparison291,0.2647,0.2204,0.311,291,665,9.959,32.474,results/metatox_smirks_preds.json,"results/test_references.json, re-keyed",computed here; the repository stores none per arm
metatox,canonical,15,comparison291,0.3429,0.2908,0.3973,291,665,14.663,32.474,results/metatox_smirks_preds.json,"results/test_references.json, re-keyed",computed here; the repository stores none per arm
metatox,canonical,20,comparison291,0.3714,0.3169,0.4286,291,665,18.88,32.474,results/metatox_smirks_preds.json,"results/test_references.json, re-keyed",computed here; the repository stores none per arm
metatox,canonical,30,comparison291,0.397,0.3421,0.4538,291,665,25.643,32.474,results/metatox_smirks_preds.json,"results/test_references.json, re-keyed",computed here; the repository stores none per arm
metatox,canonical,50,comparison291,0.4241,0.3682,0.4814,291,665,32.474,32.474,results/metatox_smirks_preds.json,"results/test_references.json, re-keyed",computed here; the repository stores none per arm
sygma,canonical,1,comparison291,0.1414,0.1164,0.1697,291,665,0.997,40.505,results/sygma_fulltest_predictions.json,"results/test_references.json, re-keyed",computed here; the repository stores none per arm
sygma,canonical,3,comparison291,0.2707,0.231,0.3148,291,665,2.99,40.505,results/sygma_fulltest_predictions.json,"results/test_references.json, re-keyed",computed here; the repository stores none per arm
sygma,canonical,5,comparison291,0.3549,0.3116,0.403,291,665,4.976,40.505,results/sygma_fulltest_predictions.json,"results/test_references.json, re-keyed",computed here; the repository stores none per arm
sygma,canonical,8,comparison291,0.3985,0.3526,0.4493,291,665,7.921,40.505,results/sygma_fulltest_predictions.json,"results/test_references.json, re-keyed",computed here; the repository stores none per arm
sygma,canonical,10,comparison291,0.4271,0.3806,0.4768,291,665,9.856,40.505,results/sygma_fulltest_predictions.json,"results/test_references.json, re-keyed",computed here; the repository stores none per arm
sygma,canonical,15,comparison291,0.4541,0.4064,0.5049,291,665,14.632,40.505,results/sygma_fulltest_predictions.json,"results/test_references.json, re-keyed",computed here; the repository stores none per arm
sygma,canonical,20,comparison291,0.4662,0.4191,0.5145,291,665,19.292,40.505,results/sygma_fulltest_predictions.json,"results/test_references.json, re-keyed",computed here; the repository stores none per arm
sygma,canonical,30,comparison291,0.4737,0.4268,0.5224,291,665,27.643,40.505,results/sygma_fulltest_predictions.json,"results/test_references.json, re-keyed",computed here; the repository stores none per arm
sygma,canonical,50,comparison291,0.4767,0.43,0.5251,291,665,40.505,40.505,results/sygma_fulltest_predictions.json,"results/test_references.json, re-keyed",computed here; the repository stores none per arm
metapredictor,canonical,1,comparison291,0.1383,0.1134,0.1678,291,665,0.997,11.175,artifacts/tier2_1170/metapredictor_preds.json,"results/test_references.json, re-keyed",computed here; the repository stores none per arm
metapredictor,canonical,3,comparison291,0.2617,0.227,0.3005,291,665,2.983,11.175,artifacts/tier2_1170/metapredictor_preds.json,"results/test_references.json, re-keyed",computed here; the repository stores none per arm
metapredictor,canonical,5,comparison291,0.3308,0.2911,0.3756,291,665,4.966,11.175,artifacts/tier2_1170/metapredictor_preds.json,"results/test_references.json, re-keyed",computed here; the repository stores none per arm
metapredictor,canonical,8,comparison291,0.403,0.3589,0.4507,291,665,7.89,11.175,artifacts/tier2_1170/metapredictor_preds.json,"results/test_references.json, re-keyed",computed here; the repository stores none per arm
metapredictor,canonical,10,comparison291,0.4361,0.3917,0.4842,291,665,9.529,11.175,artifacts/tier2_1170/metapredictor_preds.json,"results/test_references.json, re-keyed",computed here; the repository stores none per arm
metapredictor,canonical,15,comparison291,0.4481,0.4044,0.496,291,665,11.144,11.175,artifacts/tier2_1170/metapredictor_preds.json,"results/test_references.json, re-keyed",computed here; the repository stores none per arm
metapredictor,canonical,20,comparison291,0.4496,0.4056,0.4976,291,665,11.175,11.175,artifacts/tier2_1170/metapredictor_preds.json,"results/test_references.json, re-keyed",computed here; the repository stores none per arm
metapredictor,canonical,30,comparison291,0.4496,0.4056,0.4976,291,665,11.175,11.175,artifacts/tier2_1170/metapredictor_preds.json,"results/test_references.json, re-keyed",computed here; the repository stores none per arm
metapredictor,canonical,50,comparison291,0.4496,0.4056,0.4976,291,665,11.175,11.175,artifacts/tier2_1170/metapredictor_preds.json,"results/test_references.json, re-keyed",computed here; the repository stores none per arm
biotransformer,canonical,1,comparison291,0.0466,0.032,0.0635,291,665,0.928,11.326,results/biotransformer_allhuman_one_step_preds.json,"results/test_references.json, re-keyed",computed here; the repository stores none per arm
biotransformer,canonical,3,comparison291,0.1459,0.1173,0.1768,291,665,2.756,11.326,results/biotransformer_allhuman_one_step_preds.json,"results/test_references.json, re-keyed",computed here; the repository stores none per arm
biotransformer,canonical,5,comparison291,0.212,0.1791,0.2471,291,665,4.502,11.326,results/biotransformer_allhuman_one_step_preds.json,"results/test_references.json, re-keyed",computed here; the repository stores none per arm
biotransformer,canonical,8,comparison291,0.2677,0.2282,0.3086,291,665,6.852,11.326,results/biotransformer_allhuman_one_step_preds.json,"results/test_references.json, re-keyed",computed here; the repository stores none per arm
biotransformer,canonical,10,comparison291,0.2932,0.2509,0.3372,291,665,8.11,11.326,results/biotransformer_allhuman_one_step_preds.json,"results/test_references.json, re-keyed",computed here; the repository stores none per arm
biotransformer,canonical,15,comparison291,0.3353,0.2895,0.3831,291,665,10.127,11.326,results/biotransformer_allhuman_one_step_preds.json,"results/test_references.json, re-keyed",computed here; the repository stores none per arm
biotransformer,canonical,20,comparison291,0.3459,0.3003,0.3927,291,665,10.948,11.326,results/biotransformer_allhuman_one_step_preds.json,"results/test_references.json, re-keyed",computed here; the repository stores none per arm
biotransformer,canonical,30,comparison291,0.3504,0.3039,0.3976,291,665,11.241,11.326,results/biotransformer_allhuman_one_step_preds.json,"results/test_references.json, re-keyed",computed here; the repository stores none per arm
biotransformer,canonical,50,comparison291,0.3504,0.3039,0.3976,291,665,11.326,11.326,results/biotransformer_allhuman_one_step_preds.json,"results/test_references.json, re-keyed",computed here; the repository stores none per arm
gloryx,canonical,1,comparison291,0.0556,0.0402,0.0732,291,665,1.0,28.124,results/gloryx_service_preds.json,"results/test_references.json, re-keyed",computed here; the repository stores none per arm
gloryx,canonical,3,comparison291,0.1669,0.1372,0.2,291,665,3.0,28.124,results/gloryx_service_preds.json,"results/test_references.json, re-keyed",computed here; the repository stores none per arm
gloryx,canonical,5,comparison291,0.2647,0.2291,0.3031,291,665,5.0,28.124,results/gloryx_service_preds.json,"results/test_references.json, re-keyed",computed here; the repository stores none per arm
gloryx,canonical,8,comparison291,0.3609,0.3145,0.4093,291,665,7.976,28.124,results/gloryx_service_preds.json,"results/test_references.json, re-keyed",computed here; the repository stores none per arm
gloryx,canonical,10,comparison291,0.403,0.3557,0.453,291,665,9.904,28.124,results/gloryx_service_preds.json,"results/test_references.json, re-keyed",computed here; the repository stores none per arm
gloryx,canonical,15,comparison291,0.4857,0.4393,0.5341,291,665,14.34,28.124,results/gloryx_service_preds.json,"results/test_references.json, re-keyed",computed here; the repository stores none per arm
gloryx,canonical,20,comparison291,0.5158,0.4666,0.567,291,665,18.127,28.124,results/gloryx_service_preds.json,"results/test_references.json, re-keyed",computed here; the repository stores none per arm
gloryx,canonical,30,comparison291,0.5444,0.4954,0.5951,291,665,23.67,28.124,results/gloryx_service_preds.json,"results/test_references.json, re-keyed",computed here; the repository stores none per arm
gloryx,canonical,50,comparison291,0.5579,0.5086,0.6084,291,665,28.124,28.124,results/gloryx_service_preds.json,"results/test_references.json, re-keyed",computed here; the repository stores none per arm
gloryxr_default,canonical,1,comparison291,0.0722,0.0544,0.0923,291,665,1.0,27.983,results/gloryxr_local_preds_default.json,"results/test_references.json, re-keyed",computed here; the repository stores none per arm
gloryxr_default,canonical,3,comparison291,0.203,0.1687,0.2411,291,665,3.0,27.983,results/gloryxr_local_preds_default.json,"results/test_references.json, re-keyed",computed here; the repository stores none per arm
gloryxr_default,canonical,5,comparison291,0.2917,0.2497,0.3359,291,665,5.0,27.983,results/gloryxr_local_preds_default.json,"results/test_references.json, re-keyed",computed here; the repository stores none per arm
gloryxr_default,canonical,8,comparison291,0.3669,0.3205,0.4153,291,665,7.976,27.983,results/gloryxr_local_preds_default.json,"results/test_references.json, re-keyed",computed here; the repository stores none per arm
gloryxr_default,canonical,10,comparison291,0.415,0.3671,0.4662,291,665,9.904,27.983,results/gloryxr_local_preds_default.json,"results/test_references.json, re-keyed",computed here; the repository stores none per arm
gloryxr_default,canonical,15,comparison291,0.4827,0.4336,0.5348,291,665,14.326,27.983,results/gloryxr_local_preds_default.json,"results/test_references.json, re-keyed",computed here; the repository stores none per arm
gloryxr_default,canonical,20,comparison291,0.5158,0.4668,0.5673,291,665,18.069,27.983,results/gloryxr_local_preds_default.json,"results/test_references.json, re-keyed",computed here; the repository stores none per arm
gloryxr_default,canonical,30,comparison291,0.5429,0.4953,0.5922,291,665,23.598,27.983,results/gloryxr_local_preds_default.json,"results/test_references.json, re-keyed",computed here; the repository stores none per arm
gloryxr_default,canonical,50,comparison291,0.5579,0.5096,0.6076,291,665,27.983,27.983,results/gloryxr_local_preds_default.json,"results/test_references.json, re-keyed",computed here; the repository stores none per arm
gloryxr_strict,canonical,1,comparison291,0.0887,0.0689,0.1103,291,665,1.0,27.983,results/gloryxr_local_preds_strict.json,"results/test_references.json, re-keyed",computed here; the repository stores none per arm
gloryxr_strict,canonical,3,comparison291,0.2211,0.1855,0.2598,291,665,3.0,27.983,results/gloryxr_local_preds_strict.json,"results/test_references.json, re-keyed",computed here; the repository stores none per arm
gloryxr_strict,canonical,5,comparison291,0.3068,0.2642,0.3524,291,665,5.0,27.983,results/gloryxr_local_preds_strict.json,"results/test_references.json, re-keyed",computed here; the repository stores none per arm
gloryxr_strict,canonical,8,comparison291,0.3835,0.3361,0.434,291,665,7.976,27.983,results/gloryxr_local_preds_strict.json,"results/test_references.json, re-keyed",computed here; the repository stores none per arm
gloryxr_strict,canonical,10,comparison291,0.4211,0.3727,0.4727,291,665,9.904,27.983,results/gloryxr_local_preds_strict.json,"results/test_references.json, re-keyed",computed here; the repository stores none per arm
gloryxr_strict,canonical,15,comparison291,0.4782,0.4298,0.5301,291,665,14.326,27.983,results/gloryxr_local_preds_strict.json,"results/test_references.json, re-keyed",computed here; the repository stores none per arm
gloryxr_strict,canonical,20,comparison291,0.5053,0.4568,0.5566,291,665,18.069,27.983,results/gloryxr_local_preds_strict.json,"results/test_references.json, re-keyed",computed here; the repository stores none per arm
gloryxr_strict,canonical,30,comparison291,0.5368,0.4884,0.5873,291,665,23.598,27.983,results/gloryxr_local_preds_strict.json,"results/test_references.json, re-keyed",computed here; the repository stores none per arm
gloryxr_strict,canonical,50,comparison291,0.5564,0.5082,0.606,291,665,27.983,27.983,results/gloryxr_local_preds_strict.json,"results/test_references.json, re-keyed",computed here; the repository stores none per arm
whole bank,inchikey,1,comparison291,0.0992,0.0777,0.1248,291,665,1.0,98.12,results/widepools_implicit/w*.json,"results/test_references.json, re-keyed",computed here; the repository stores none per arm
whole bank,inchikey,3,comparison291,0.2301,0.1955,0.2697,291,665,3.0,98.12,results/widepools_implicit/w*.json,"results/test_references.json, re-keyed",computed here; the repository stores none per arm
whole bank,inchikey,5,comparison291,0.3113,0.2729,0.354,291,665,5.0,98.12,results/widepools_implicit/w*.json,"results/test_references.json, re-keyed",computed here; the repository stores none per arm
whole bank,inchikey,8,comparison291,0.418,0.375,0.464,291,665,8.0,98.12,results/widepools_implicit/w*.json,"results/test_references.json, re-keyed",computed here; the repository stores none per arm
whole bank,inchikey,10,comparison291,0.4571,0.4125,0.5056,291,665,10.0,98.12,results/widepools_implicit/w*.json,"results/test_references.json, re-keyed",computed here; the repository stores none per arm
whole bank,inchikey,15,comparison291,0.5368,0.492,0.5839,291,665,15.0,98.12,results/widepools_implicit/w*.json,"results/test_references.json, re-keyed",computed here; the repository stores none per arm
whole bank,inchikey,20,comparison291,0.588,0.5415,0.6374,291,665,20.0,98.12,results/widepools_implicit/w*.json,"results/test_references.json, re-keyed",computed here; the repository stores none per arm
whole bank,inchikey,30,comparison291,0.6541,0.6041,0.7053,291,665,30.0,98.12,results/widepools_implicit/w*.json,"results/test_references.json, re-keyed",computed here; the repository stores none per arm
whole bank,inchikey,50,comparison291,0.7038,0.6503,0.7562,291,665,49.931,98.12,results/widepools_implicit/w*.json,"results/test_references.json, re-keyed",computed here; the repository stores none per arm
trained budget,inchikey,1,comparison291,0.1053,0.0836,0.1306,291,665,1.0,15.625,results/widepools_k30/all.json,"results/test_references.json, re-keyed",computed here; the repository stores none per arm
trained budget,inchikey,3,comparison291,0.2406,0.2064,0.2793,291,665,2.997,15.625,results/widepools_k30/all.json,"results/test_references.json, re-keyed",computed here; the repository stores none per arm
trained budget,inchikey,5,comparison291,0.3203,0.2811,0.3636,291,665,4.966,15.625,results/widepools_k30/all.json,"results/test_references.json, re-keyed",computed here; the repository stores none per arm
trained budget,inchikey,8,comparison291,0.4015,0.3582,0.4493,291,665,7.601,15.625,results/widepools_k30/all.json,"results/test_references.json, re-keyed",computed here; the repository stores none per arm
trained budget,inchikey,10,comparison291,0.4331,0.3862,0.4837,291,665,9.034,15.625,results/widepools_k30/all.json,"results/test_references.json, re-keyed",computed here; the repository stores none per arm
trained budget,inchikey,15,comparison291,0.4797,0.4294,0.5332,291,665,11.529,15.625,results/widepools_k30/all.json,"results/test_references.json, re-keyed",computed here; the repository stores none per arm
trained budget,inchikey,20,comparison291,0.4872,0.4368,0.541,291,665,12.797,15.625,results/widepools_k30/all.json,"results/test_references.json, re-keyed",computed here; the repository stores none per arm
trained budget,inchikey,30,comparison291,0.4902,0.4399,0.5436,291,665,13.914,15.625,results/widepools_k30/all.json,"results/test_references.json, re-keyed",computed here; the repository stores none per arm
trained budget,inchikey,50,comparison291,0.4902,0.4399,0.5436,291,665,14.773,15.625,results/widepools_k30/all.json,"results/test_references.json, re-keyed",computed here; the repository stores none per arm
metatox,inchikey,1,comparison291,0.0406,0.026,0.0576,291,665,1.0,32.271,results/metatox_smirks_preds.json,"results/test_references.json, re-keyed",computed here; the repository stores none per arm
metatox,inchikey,3,comparison291,0.1248,0.1002,0.1533,291,665,3.0,32.271,results/metatox_smirks_preds.json,"results/test_references.json, re-keyed",computed here; the repository stores none per arm
metatox,inchikey,5,comparison291,0.2015,0.1705,0.2356,291,665,5.0,32.271,results/metatox_smirks_preds.json,"results/test_references.json, re-keyed",computed here; the repository stores none per arm
metatox,inchikey,8,comparison291,0.2842,0.244,0.3263,291,665,7.983,32.271,results/metatox_smirks_preds.json,"results/test_references.json, re-keyed",computed here; the repository stores none per arm
metatox,inchikey,10,comparison291,0.3534,0.3081,0.4012,291,665,9.952,32.271,results/metatox_smirks_preds.json,"results/test_references.json, re-keyed",computed here; the repository stores none per arm
metatox,inchikey,15,comparison291,0.4722,0.4204,0.5253,291,665,14.663,32.271,results/metatox_smirks_preds.json,"results/test_references.json, re-keyed",computed here; the repository stores none per arm
metatox,inchikey,20,comparison291,0.5143,0.4603,0.5685,291,665,18.883,32.271,results/metatox_smirks_preds.json,"results/test_references.json, re-keyed",computed here; the repository stores none per arm
metatox,inchikey,30,comparison291,0.5489,0.4933,0.6041,291,665,25.612,32.271,results/metatox_smirks_preds.json,"results/test_references.json, re-keyed",computed here; the repository stores none per arm
metatox,inchikey,50,comparison291,0.5805,0.5252,0.6359,291,665,32.271,32.271,results/metatox_smirks_preds.json,"results/test_references.json, re-keyed",computed here; the repository stores none per arm
sygma,inchikey,1,comparison291,0.1489,0.1232,0.1782,291,665,0.997,40.505,results/sygma_fulltest_predictions.json,"results/test_references.json, re-keyed",computed here; the repository stores none per arm
sygma,inchikey,3,comparison291,0.2842,0.244,0.3292,291,665,2.99,40.505,results/sygma_fulltest_predictions.json,"results/test_references.json, re-keyed",computed here; the repository stores none per arm
sygma,inchikey,5,comparison291,0.3699,0.3267,0.4178,291,665,4.976,40.505,results/sygma_fulltest_predictions.json,"results/test_references.json, re-keyed",computed here; the repository stores none per arm
sygma,inchikey,8,comparison291,0.4195,0.3733,0.4711,291,665,7.921,40.505,results/sygma_fulltest_predictions.json,"results/test_references.json, re-keyed",computed here; the repository stores none per arm
sygma,inchikey,10,comparison291,0.4481,0.4018,0.4976,291,665,9.856,40.505,results/sygma_fulltest_predictions.json,"results/test_references.json, re-keyed",computed here; the repository stores none per arm
sygma,inchikey,15,comparison291,0.4752,0.4286,0.5251,291,665,14.632,40.505,results/sygma_fulltest_predictions.json,"results/test_references.json, re-keyed",computed here; the repository stores none per arm
sygma,inchikey,20,comparison291,0.4887,0.4437,0.5365,291,665,19.292,40.505,results/sygma_fulltest_predictions.json,"results/test_references.json, re-keyed",computed here; the repository stores none per arm
sygma,inchikey,30,comparison291,0.4962,0.451,0.5444,291,665,27.643,40.505,results/sygma_fulltest_predictions.json,"results/test_references.json, re-keyed",computed here; the repository stores none per arm
sygma,inchikey,50,comparison291,0.4992,0.4543,0.5461,291,665,40.505,40.505,results/sygma_fulltest_predictions.json,"results/test_references.json, re-keyed",computed here; the repository stores none per arm
metapredictor,inchikey,1,comparison291,0.1353,0.1108,0.164,291,665,0.997,13.199,artifacts/tier2_1170/metapredictor_preds.json,"results/test_references.json, re-keyed",computed here; the repository stores none per arm
metapredictor,inchikey,3,comparison291,0.2556,0.2196,0.2959,291,665,2.983,13.199,artifacts/tier2_1170/metapredictor_preds.json,"results/test_references.json, re-keyed",computed here; the repository stores none per arm
metapredictor,inchikey,5,comparison291,0.3203,0.2804,0.3653,291,665,4.969,13.199,artifacts/tier2_1170/metapredictor_preds.json,"results/test_references.json, re-keyed",computed here; the repository stores none per arm
metapredictor,inchikey,8,comparison291,0.403,0.3587,0.4516,291,665,7.935,13.199,artifacts/tier2_1170/metapredictor_preds.json,"results/test_references.json, re-keyed",computed here; the repository stores none per arm
metapredictor,inchikey,10,comparison291,0.4331,0.3875,0.4826,291,665,9.842,13.199,artifacts/tier2_1170/metapredictor_preds.json,"results/test_references.json, re-keyed",computed here; the repository stores none per arm
metapredictor,inchikey,15,comparison291,0.4677,0.4232,0.5163,291,665,13.038,13.199,artifacts/tier2_1170/metapredictor_preds.json,"results/test_references.json, re-keyed",computed here; the repository stores none per arm
metapredictor,inchikey,20,comparison291,0.4677,0.4232,0.5163,291,665,13.199,13.199,artifacts/tier2_1170/metapredictor_preds.json,"results/test_references.json, re-keyed",computed here; the repository stores none per arm
metapredictor,inchikey,30,comparison291,0.4677,0.4232,0.5163,291,665,13.199,13.199,artifacts/tier2_1170/metapredictor_preds.json,"results/test_references.json, re-keyed",computed here; the repository stores none per arm
metapredictor,inchikey,50,comparison291,0.4677,0.4232,0.5163,291,665,13.199,13.199,artifacts/tier2_1170/metapredictor_preds.json,"results/test_references.json, re-keyed",computed here; the repository stores none per arm
biotransformer,inchikey,1,comparison291,0.0662,0.0484,0.0866,291,665,0.928,11.326,results/biotransformer_allhuman_one_step_preds.json,"results/test_references.json, re-keyed",computed here; the repository stores none per arm
biotransformer,inchikey,3,comparison291,0.1805,0.1501,0.2147,291,665,2.756,11.326,results/biotransformer_allhuman_one_step_preds.json,"results/test_references.json, re-keyed",computed here; the repository stores none per arm
biotransformer,inchikey,5,comparison291,0.2571,0.2227,0.2945,291,665,4.502,11.326,results/biotransformer_allhuman_one_step_preds.json,"results/test_references.json, re-keyed",computed here; the repository stores none per arm
biotransformer,inchikey,8,comparison291,0.3263,0.2869,0.3694,291,665,6.852,11.326,results/biotransformer_allhuman_one_step_preds.json,"results/test_references.json, re-keyed",computed here; the repository stores none per arm
biotransformer,inchikey,10,comparison291,0.3609,0.3203,0.4046,291,665,8.11,11.326,results/biotransformer_allhuman_one_step_preds.json,"results/test_references.json, re-keyed",computed here; the repository stores none per arm
biotransformer,inchikey,15,comparison291,0.418,0.3752,0.4647,291,665,10.127,11.326,results/biotransformer_allhuman_one_step_preds.json,"results/test_references.json, re-keyed",computed here; the repository stores none per arm
biotransformer,inchikey,20,comparison291,0.4361,0.3924,0.4818,291,665,10.948,11.326,results/biotransformer_allhuman_one_step_preds.json,"results/test_references.json, re-keyed",computed here; the repository stores none per arm
biotransformer,inchikey,30,comparison291,0.4421,0.3972,0.4883,291,665,11.241,11.326,results/biotransformer_allhuman_one_step_preds.json,"results/test_references.json, re-keyed",computed here; the repository stores none per arm
biotransformer,inchikey,50,comparison291,0.4436,0.398,0.4903,291,665,11.326,11.326,results/biotransformer_allhuman_one_step_preds.json,"results/test_references.json, re-keyed",computed here; the repository stores none per arm
gloryx,inchikey,1,comparison291,0.0647,0.0479,0.0836,291,665,1.0,28.124,results/gloryx_service_preds.json,"results/test_references.json, re-keyed",computed here; the repository stores none per arm
gloryx,inchikey,3,comparison291,0.1805,0.149,0.2145,291,665,3.0,28.124,results/gloryx_service_preds.json,"results/test_references.json, re-keyed",computed here; the repository stores none per arm
gloryx,inchikey,5,comparison291,0.2782,0.2406,0.3172,291,665,5.0,28.124,results/gloryx_service_preds.json,"results/test_references.json, re-keyed",computed here; the repository stores none per arm
gloryx,inchikey,8,comparison291,0.3774,0.3283,0.4279,291,665,7.976,28.124,results/gloryx_service_preds.json,"results/test_references.json, re-keyed",computed here; the repository stores none per arm
gloryx,inchikey,10,comparison291,0.4195,0.3679,0.4717,291,665,9.904,28.124,results/gloryx_service_preds.json,"results/test_references.json, re-keyed",computed here; the repository stores none per arm
gloryx,inchikey,15,comparison291,0.5023,0.4509,0.5544,291,665,14.34,28.124,results/gloryx_service_preds.json,"results/test_references.json, re-keyed",computed here; the repository stores none per arm
gloryx,inchikey,20,comparison291,0.5338,0.479,0.5885,291,665,18.127,28.124,results/gloryx_service_preds.json,"results/test_references.json, re-keyed",computed here; the repository stores none per arm
gloryx,inchikey,30,comparison291,0.5639,0.5092,0.619,291,665,23.67,28.124,results/gloryx_service_preds.json,"results/test_references.json, re-keyed",computed here; the repository stores none per arm
gloryx,inchikey,50,comparison291,0.5714,0.5164,0.627,291,665,28.124,28.124,results/gloryx_service_preds.json,"results/test_references.json, re-keyed",computed here; the repository stores none per arm
gloryxr_default,inchikey,1,comparison291,0.0827,0.0636,0.1042,291,665,1.0,27.921,results/gloryxr_local_preds_default.json,"results/test_references.json, re-keyed",computed here; the repository stores none per arm
gloryxr_default,inchikey,3,comparison291,0.2195,0.1845,0.2584,291,665,3.0,27.921,results/gloryxr_local_preds_default.json,"results/test_references.json, re-keyed",computed here; the repository stores none per arm
gloryxr_default,inchikey,5,comparison291,0.3143,0.272,0.3598,291,665,5.0,27.921,results/gloryxr_local_preds_default.json,"results/test_references.json, re-keyed",computed here; the repository stores none per arm
gloryxr_default,inchikey,8,comparison291,0.3895,0.3419,0.4401,291,665,7.976,27.921,results/gloryxr_local_preds_default.json,"results/test_references.json, re-keyed",computed here; the repository stores none per arm
gloryxr_default,inchikey,10,comparison291,0.4376,0.3885,0.4896,291,665,9.904,27.921,results/gloryxr_local_preds_default.json,"results/test_references.json, re-keyed",computed here; the repository stores none per arm
gloryxr_default,inchikey,15,comparison291,0.5068,0.457,0.5589,291,665,14.316,27.921,results/gloryxr_local_preds_default.json,"results/test_references.json, re-keyed",computed here; the repository stores none per arm
gloryxr_default,inchikey,20,comparison291,0.5414,0.4919,0.5934,291,665,18.041,27.921,results/gloryxr_local_preds_default.json,"results/test_references.json, re-keyed",computed here; the repository stores none per arm
gloryxr_default,inchikey,30,comparison291,0.5714,0.524,0.6212,291,665,23.55,27.921,results/gloryxr_local_preds_default.json,"results/test_references.json, re-keyed",computed here; the repository stores none per arm
gloryxr_default,inchikey,50,comparison291,0.588,0.5393,0.6386,291,665,27.921,27.921,results/gloryxr_local_preds_default.json,"results/test_references.json, re-keyed",computed here; the repository stores none per arm
gloryxr_strict,inchikey,1,comparison291,0.0992,0.078,0.1226,291,665,1.0,27.921,results/gloryxr_local_preds_strict.json,"results/test_references.json, re-keyed",computed here; the repository stores none per arm
gloryxr_strict,inchikey,3,comparison291,0.2406,0.2041,0.2809,291,665,3.0,27.921,results/gloryxr_local_preds_strict.json,"results/test_references.json, re-keyed",computed here; the repository stores none per arm
gloryxr_strict,inchikey,5,comparison291,0.3278,0.2839,0.3748,291,665,5.0,27.921,results/gloryxr_local_preds_strict.json,"results/test_references.json, re-keyed",computed here; the repository stores none per arm
gloryxr_strict,inchikey,8,comparison291,0.406,0.3571,0.4573,291,665,7.976,27.921,results/gloryxr_local_preds_strict.json,"results/test_references.json, re-keyed",computed here; the repository stores none per arm
gloryxr_strict,inchikey,10,comparison291,0.4451,0.3951,0.4976,291,665,9.904,27.921,results/gloryxr_local_preds_strict.json,"results/test_references.json, re-keyed",computed here; the repository stores none per arm
gloryxr_strict,inchikey,15,comparison291,0.5023,0.4526,0.5545,291,665,14.316,27.921,results/gloryxr_local_preds_strict.json,"results/test_references.json, re-keyed",computed here; the repository stores none per arm
gloryxr_strict,inchikey,20,comparison291,0.5323,0.4826,0.5844,291,665,18.041,27.921,results/gloryxr_local_preds_strict.json,"results/test_references.json, re-keyed",computed here; the repository stores none per arm
gloryxr_strict,inchikey,30,comparison291,0.5669,0.5183,0.6176,291,665,23.55,27.921,results/gloryxr_local_preds_strict.json,"results/test_references.json, re-keyed",computed here; the repository stores none per arm
gloryxr_strict,inchikey,50,comparison291,0.5865,0.5382,0.637,291,665,27.921,27.921,results/gloryxr_local_preds_strict.json,"results/test_references.json, re-keyed",computed here; the repository stores none per arm
whole bank,inchi_no_stereo,1,comparison291,0.0994,0.0778,0.125,291,664,1.0,97.976,results/widepools_implicit/w*.json,"results/test_references.json, re-keyed",computed here; the repository stores none per arm
whole bank,inchi_no_stereo,3,comparison291,0.2304,0.1958,0.2702,291,664,3.0,97.976,results/widepools_implicit/w*.json,"results/test_references.json, re-keyed",computed here; the repository stores none per arm
whole bank,inchi_no_stereo,5,comparison291,0.3117,0.2732,0.3544,291,664,5.0,97.976,results/widepools_implicit/w*.json,"results/test_references.json, re-keyed",computed here; the repository stores none per arm
whole bank,inchi_no_stereo,8,comparison291,0.4187,0.3752,0.4647,291,664,8.0,97.976,results/widepools_implicit/w*.json,"results/test_references.json, re-keyed",computed here; the repository stores none per arm
whole bank,inchi_no_stereo,10,comparison291,0.4578,0.4129,0.5065,291,664,10.0,97.976,results/widepools_implicit/w*.json,"results/test_references.json, re-keyed",computed here; the repository stores none per arm
whole bank,inchi_no_stereo,15,comparison291,0.5392,0.4943,0.5863,291,664,15.0,97.976,results/widepools_implicit/w*.json,"results/test_references.json, re-keyed",computed here; the repository stores none per arm
whole bank,inchi_no_stereo,20,comparison291,0.5904,0.5434,0.6394,291,664,20.0,97.976,results/widepools_implicit/w*.json,"results/test_references.json, re-keyed",computed here; the repository stores none per arm
whole bank,inchi_no_stereo,30,comparison291,0.6566,0.6064,0.7081,291,664,30.0,97.976,results/widepools_implicit/w*.json,"results/test_references.json, re-keyed",computed here; the repository stores none per arm
whole bank,inchi_no_stereo,50,comparison291,0.7078,0.6546,0.7603,291,664,49.924,97.976,results/widepools_implicit/w*.json,"results/test_references.json, re-keyed",computed here; the repository stores none per arm
trained budget,inchi_no_stereo,1,comparison291,0.1054,0.0837,0.1308,291,664,1.0,15.625,results/widepools_k30/all.json,"results/test_references.json, re-keyed",computed here; the repository stores none per arm
trained budget,inchi_no_stereo,3,comparison291,0.241,0.2069,0.2797,291,664,2.997,15.625,results/widepools_k30/all.json,"results/test_references.json, re-keyed",computed here; the repository stores none per arm
trained budget,inchi_no_stereo,5,comparison291,0.3208,0.2813,0.3644,291,664,4.966,15.625,results/widepools_k30/all.json,"results/test_references.json, re-keyed",computed here; the repository stores none per arm
trained budget,inchi_no_stereo,8,comparison291,0.4021,0.3585,0.4502,291,664,7.601,15.625,results/widepools_k30/all.json,"results/test_references.json, re-keyed",computed here; the repository stores none per arm
trained budget,inchi_no_stereo,10,comparison291,0.4337,0.3867,0.4848,291,664,9.034,15.625,results/widepools_k30/all.json,"results/test_references.json, re-keyed",computed here; the repository stores none per arm
trained budget,inchi_no_stereo,15,comparison291,0.4804,0.4298,0.5342,291,664,11.529,15.625,results/widepools_k30/all.json,"results/test_references.json, re-keyed",computed here; the repository stores none per arm
trained budget,inchi_no_stereo,20,comparison291,0.488,0.4373,0.5419,291,664,12.797,15.625,results/widepools_k30/all.json,"results/test_references.json, re-keyed",computed here; the repository stores none per arm
trained budget,inchi_no_stereo,30,comparison291,0.491,0.4406,0.5445,291,664,13.914,15.625,results/widepools_k30/all.json,"results/test_references.json, re-keyed",computed here; the repository stores none per arm
trained budget,inchi_no_stereo,50,comparison291,0.491,0.4406,0.5445,291,664,14.773,15.625,results/widepools_k30/all.json,"results/test_references.json, re-keyed",computed here; the repository stores none per arm
metatox,inchi_no_stereo,1,comparison291,0.0407,0.0261,0.0578,291,664,1.0,31.969,results/metatox_smirks_preds.json,"results/test_references.json, re-keyed",computed here; the repository stores none per arm
metatox,inchi_no_stereo,3,comparison291,0.1265,0.1014,0.1554,291,664,3.0,31.969,results/metatox_smirks_preds.json,"results/test_references.json, re-keyed",computed here; the repository stores none per arm
metatox,inchi_no_stereo,5,comparison291,0.2033,0.1719,0.2373,291,664,5.0,31.969,results/metatox_smirks_preds.json,"results/test_references.json, re-keyed",computed here; the repository stores none per arm
metatox,inchi_no_stereo,8,comparison291,0.2922,0.2523,0.3338,291,664,7.983,31.969,results/metatox_smirks_preds.json,"results/test_references.json, re-keyed",computed here; the repository stores none per arm
metatox,inchi_no_stereo,10,comparison291,0.3675,0.3234,0.4136,291,664,9.952,31.969,results/metatox_smirks_preds.json,"results/test_references.json, re-keyed",computed here; the repository stores none per arm
metatox,inchi_no_stereo,15,comparison291,0.488,0.4395,0.5385,291,664,14.636,31.969,results/metatox_smirks_preds.json,"results/test_references.json, re-keyed",computed here; the repository stores none per arm
metatox,inchi_no_stereo,20,comparison291,0.5301,0.481,0.5805,291,664,18.838,31.969,results/metatox_smirks_preds.json,"results/test_references.json, re-keyed",computed here; the repository stores none per arm
metatox,inchi_no_stereo,30,comparison291,0.5723,0.5233,0.6226,291,664,25.491,31.969,results/metatox_smirks_preds.json,"results/test_references.json, re-keyed",computed here; the repository stores none per arm
metatox,inchi_no_stereo,50,comparison291,0.6054,0.5557,0.6555,291,664,31.969,31.969,results/metatox_smirks_preds.json,"results/test_references.json, re-keyed",computed here; the repository stores none per arm
sygma,inchi_no_stereo,1,comparison291,0.1491,0.1234,0.1785,291,664,0.997,40.505,results/sygma_fulltest_predictions.json,"results/test_references.json, re-keyed",computed here; the repository stores none per arm
sygma,inchi_no_stereo,3,comparison291,0.2846,0.2445,0.3297,291,664,2.99,40.505,results/sygma_fulltest_predictions.json,"results/test_references.json, re-keyed",computed here; the repository stores none per arm
sygma,inchi_no_stereo,5,comparison291,0.372,0.3285,0.4198,291,664,4.976,40.505,results/sygma_fulltest_predictions.json,"results/test_references.json, re-keyed",computed here; the repository stores none per arm
sygma,inchi_no_stereo,8,comparison291,0.4217,0.375,0.4734,291,664,7.921,40.505,results/sygma_fulltest_predictions.json,"results/test_references.json, re-keyed",computed here; the repository stores none per arm
sygma,inchi_no_stereo,10,comparison291,0.4503,0.404,0.5,291,664,9.856,40.505,results/sygma_fulltest_predictions.json,"results/test_references.json, re-keyed",computed here; the repository stores none per arm
sygma,inchi_no_stereo,15,comparison291,0.4819,0.435,0.5324,291,664,14.632,40.505,results/sygma_fulltest_predictions.json,"results/test_references.json, re-keyed",computed here; the repository stores none per arm
sygma,inchi_no_stereo,20,comparison291,0.497,0.4512,0.5452,291,664,19.292,40.505,results/sygma_fulltest_predictions.json,"results/test_references.json, re-keyed",computed here; the repository stores none per arm
sygma,inchi_no_stereo,30,comparison291,0.5045,0.459,0.5529,291,664,27.643,40.505,results/sygma_fulltest_predictions.json,"results/test_references.json, re-keyed",computed here; the repository stores none per arm
sygma,inchi_no_stereo,50,comparison291,0.5075,0.4624,0.5551,291,664,40.505,40.505,results/sygma_fulltest_predictions.json,"results/test_references.json, re-keyed",computed here; the repository stores none per arm
metapredictor,inchi_no_stereo,1,comparison291,0.1416,0.1164,0.1713,291,664,0.997,10.746,artifacts/tier2_1170/metapredictor_preds.json,"results/test_references.json, re-keyed",computed here; the repository stores none per arm
metapredictor,inchi_no_stereo,3,comparison291,0.2756,0.2399,0.3154,291,664,2.983,10.746,artifacts/tier2_1170/metapredictor_preds.json,"results/test_references.json, re-keyed",computed here; the repository stores none per arm
metapredictor,inchi_no_stereo,5,comparison291,0.3524,0.3118,0.3981,291,664,4.966,10.746,artifacts/tier2_1170/metapredictor_preds.json,"results/test_references.json, re-keyed",computed here; the repository stores none per arm
metapredictor,inchi_no_stereo,8,comparison291,0.4292,0.3844,0.4781,291,664,7.863,10.746,artifacts/tier2_1170/metapredictor_preds.json,"results/test_references.json, re-keyed",computed here; the repository stores none per arm
metapredictor,inchi_no_stereo,10,comparison291,0.4623,0.4172,0.5112,291,664,9.43,10.746,artifacts/tier2_1170/metapredictor_preds.json,"results/test_references.json, re-keyed",computed here; the repository stores none per arm
metapredictor,inchi_no_stereo,15,comparison291,0.4729,0.4282,0.5214,291,664,10.732,10.746,artifacts/tier2_1170/metapredictor_preds.json,"results/test_references.json, re-keyed",computed here; the repository stores none per arm
metapredictor,inchi_no_stereo,20,comparison291,0.4729,0.4282,0.5214,291,664,10.746,10.746,artifacts/tier2_1170/metapredictor_preds.json,"results/test_references.json, re-keyed",computed here; the repository stores none per arm
metapredictor,inchi_no_stereo,30,comparison291,0.4729,0.4282,0.5214,291,664,10.746,10.746,artifacts/tier2_1170/metapredictor_preds.json,"results/test_references.json, re-keyed",computed here; the repository stores none per arm
metapredictor,inchi_no_stereo,50,comparison291,0.4729,0.4282,0.5214,291,664,10.746,10.746,artifacts/tier2_1170/metapredictor_preds.json,"results/test_references.json, re-keyed",computed here; the repository stores none per arm
biotransformer,inchi_no_stereo,1,comparison291,0.0663,0.0485,0.0866,291,664,0.928,11.323,results/biotransformer_allhuman_one_step_preds.json,"results/test_references.json, re-keyed",computed here; the repository stores none per arm
biotransformer,inchi_no_stereo,3,comparison291,0.1807,0.1502,0.2151,291,664,2.756,11.323,results/biotransformer_allhuman_one_step_preds.json,"results/test_references.json, re-keyed",computed here; the repository stores none per arm
biotransformer,inchi_no_stereo,5,comparison291,0.2575,0.223,0.2949,291,664,4.502,11.323,results/biotransformer_allhuman_one_step_preds.json,"results/test_references.json, re-keyed",computed here; the repository stores none per arm
biotransformer,inchi_no_stereo,8,comparison291,0.3298,0.2907,0.3726,291,664,6.852,11.323,results/biotransformer_allhuman_one_step_preds.json,"results/test_references.json, re-keyed",computed here; the repository stores none per arm
biotransformer,inchi_no_stereo,10,comparison291,0.366,0.3252,0.41,291,664,8.11,11.323,results/biotransformer_allhuman_one_step_preds.json,"results/test_references.json, re-keyed",computed here; the repository stores none per arm
biotransformer,inchi_no_stereo,15,comparison291,0.4247,0.3821,0.4712,291,664,10.124,11.323,results/biotransformer_allhuman_one_step_preds.json,"results/test_references.json, re-keyed",computed here; the repository stores none per arm
biotransformer,inchi_no_stereo,20,comparison291,0.4443,0.4009,0.4904,291,664,10.945,11.323,results/biotransformer_allhuman_one_step_preds.json,"results/test_references.json, re-keyed",computed here; the repository stores none per arm
biotransformer,inchi_no_stereo,30,comparison291,0.4503,0.406,0.4967,291,664,11.237,11.323,results/biotransformer_allhuman_one_step_preds.json,"results/test_references.json, re-keyed",computed here; the repository stores none per arm
biotransformer,inchi_no_stereo,50,comparison291,0.4518,0.4069,0.4992,291,664,11.323,11.323,results/biotransformer_allhuman_one_step_preds.json,"results/test_references.json, re-keyed",computed here; the repository stores none per arm
gloryx,inchi_no_stereo,1,comparison291,0.0663,0.0491,0.0857,291,664,1.0,27.897,results/gloryx_service_preds.json,"results/test_references.json, re-keyed",computed here; the repository stores none per arm
gloryx,inchi_no_stereo,3,comparison291,0.1852,0.1541,0.2196,291,664,3.0,27.897,results/gloryx_service_preds.json,"results/test_references.json, re-keyed",computed here; the repository stores none per arm
gloryx,inchi_no_stereo,5,comparison291,0.2846,0.248,0.3231,291,664,5.0,27.897,results/gloryx_service_preds.json,"results/test_references.json, re-keyed",computed here; the repository stores none per arm
gloryx,inchi_no_stereo,8,comparison291,0.3886,0.3418,0.4374,291,664,7.976,27.897,results/gloryx_service_preds.json,"results/test_references.json, re-keyed",computed here; the repository stores none per arm
gloryx,inchi_no_stereo,10,comparison291,0.4352,0.3872,0.4853,291,664,9.904,27.897,results/gloryx_service_preds.json,"results/test_references.json, re-keyed",computed here; the repository stores none per arm
gloryx,inchi_no_stereo,15,comparison291,0.5196,0.4741,0.5667,291,664,14.33,27.897,results/gloryx_service_preds.json,"results/test_references.json, re-keyed",computed here; the repository stores none per arm
gloryx,inchi_no_stereo,20,comparison291,0.5542,0.5062,0.6041,291,664,18.103,27.897,results/gloryx_service_preds.json,"results/test_references.json, re-keyed",computed here; the repository stores none per arm
gloryx,inchi_no_stereo,30,comparison291,0.5858,0.5371,0.6358,291,664,23.601,27.897,results/gloryx_service_preds.json,"results/test_references.json, re-keyed",computed here; the repository stores none per arm
gloryx,inchi_no_stereo,50,comparison291,0.6024,0.5533,0.6528,291,664,27.897,27.897,results/gloryx_service_preds.json,"results/test_references.json, re-keyed",computed here; the repository stores none per arm
gloryxr_default,inchi_no_stereo,1,comparison291,0.0858,0.0661,0.1074,291,664,1.0,27.694,results/gloryxr_local_preds_default.json,"results/test_references.json, re-keyed",computed here; the repository stores none per arm
gloryxr_default,inchi_no_stereo,3,comparison291,0.2229,0.1875,0.2624,291,664,3.0,27.694,results/gloryxr_local_preds_default.json,"results/test_references.json, re-keyed",computed here; the repository stores none per arm
gloryxr_default,inchi_no_stereo,5,comparison291,0.3178,0.2751,0.3635,291,664,5.0,27.694,results/gloryxr_local_preds_default.json,"results/test_references.json, re-keyed",computed here; the repository stores none per arm
gloryxr_default,inchi_no_stereo,8,comparison291,0.3961,0.3479,0.4474,291,664,7.976,27.694,results/gloryxr_local_preds_default.json,"results/test_references.json, re-keyed",computed here; the repository stores none per arm
gloryxr_default,inchi_no_stereo,10,comparison291,0.4458,0.3965,0.4992,291,664,9.904,27.694,results/gloryxr_local_preds_default.json,"results/test_references.json, re-keyed",computed here; the repository stores none per arm
gloryxr_default,inchi_no_stereo,15,comparison291,0.5151,0.4655,0.5678,291,664,14.306,27.694,results/gloryxr_local_preds_default.json,"results/test_references.json, re-keyed",computed here; the repository stores none per arm
gloryxr_default,inchi_no_stereo,20,comparison291,0.5527,0.5035,0.6051,291,664,18.017,27.694,results/gloryxr_local_preds_default.json,"results/test_references.json, re-keyed",computed here; the repository stores none per arm
gloryxr_default,inchi_no_stereo,30,comparison291,0.5828,0.5347,0.6321,291,664,23.485,27.694,results/gloryxr_local_preds_default.json,"results/test_references.json, re-keyed",computed here; the repository stores none per arm
gloryxr_default,inchi_no_stereo,50,comparison291,0.5994,0.5506,0.6497,291,664,27.694,27.694,results/gloryxr_local_preds_default.json,"results/test_references.json, re-keyed",computed here; the repository stores none per arm
gloryxr_strict,inchi_no_stereo,1,comparison291,0.1024,0.0809,0.1259,291,664,1.0,27.694,results/gloryxr_local_preds_strict.json,"results/test_references.json, re-keyed",computed here; the repository stores none per arm
gloryxr_strict,inchi_no_stereo,3,comparison291,0.244,0.2075,0.2845,291,664,3.0,27.694,results/gloryxr_local_preds_strict.json,"results/test_references.json, re-keyed",computed here; the repository stores none per arm
gloryxr_strict,inchi_no_stereo,5,comparison291,0.3313,0.2868,0.3788,291,664,5.0,27.694,results/gloryxr_local_preds_strict.json,"results/test_references.json, re-keyed",computed here; the repository stores none per arm
gloryxr_strict,inchi_no_stereo,8,comparison291,0.4127,0.3631,0.4648,291,664,7.976,27.694,results/gloryxr_local_preds_strict.json,"results/test_references.json, re-keyed",computed here; the repository stores none per arm
gloryxr_strict,inchi_no_stereo,10,comparison291,0.4533,0.4027,0.5062,291,664,9.904,27.694,results/gloryxr_local_preds_strict.json,"results/test_references.json, re-keyed",computed here; the repository stores none per arm
gloryxr_strict,inchi_no_stereo,15,comparison291,0.5136,0.4637,0.5656,291,664,14.306,27.694,results/gloryxr_local_preds_strict.json,"results/test_references.json, re-keyed",computed here; the repository stores none per arm
gloryxr_strict,inchi_no_stereo,20,comparison291,0.5437,0.4943,0.5956,291,664,18.017,27.694,results/gloryxr_local_preds_strict.json,"results/test_references.json, re-keyed",computed here; the repository stores none per arm
gloryxr_strict,inchi_no_stereo,30,comparison291,0.5783,0.5298,0.6289,291,664,23.485,27.694,results/gloryxr_local_preds_strict.json,"results/test_references.json, re-keyed",computed here; the repository stores none per arm
gloryxr_strict,inchi_no_stereo,50,comparison291,0.5979,0.5494,0.648,291,664,27.694,27.694,results/gloryxr_local_preds_strict.json,"results/test_references.json, re-keyed",computed here; the repository stores none per arm
whole bank,tanimoto1,1,comparison291,0.0753,0.0566,0.0973,291,664,1.0,97.694,results/widepools_implicit/w*.json,"results/test_references.json, re-keyed",computed here; the repository stores none per arm
whole bank,tanimoto1,3,comparison291,0.1822,0.1497,0.2175,291,664,3.0,97.694,results/widepools_implicit/w*.json,"results/test_references.json, re-keyed",computed here; the repository stores none per arm
whole bank,tanimoto1,5,comparison291,0.241,0.2034,0.2823,291,664,5.0,97.694,results/widepools_implicit/w*.json,"results/test_references.json, re-keyed",computed here; the repository stores none per arm
whole bank,tanimoto1,8,comparison291,0.3102,0.2664,0.3575,291,664,8.0,97.694,results/widepools_implicit/w*.json,"results/test_references.json, re-keyed",computed here; the repository stores none per arm
whole bank,tanimoto1,10,comparison291,0.3343,0.2881,0.3843,291,664,10.0,97.694,results/widepools_implicit/w*.json,"results/test_references.json, re-keyed",computed here; the repository stores none per arm
whole bank,tanimoto1,15,comparison291,0.3886,0.3387,0.4412,291,664,15.0,97.694,results/widepools_implicit/w*.json,"results/test_references.json, re-keyed",computed here; the repository stores none per arm
whole bank,tanimoto1,20,comparison291,0.4202,0.3685,0.4759,291,664,20.0,97.694,results/widepools_implicit/w*.json,"results/test_references.json, re-keyed",computed here; the repository stores none per arm
whole bank,tanimoto1,30,comparison291,0.4623,0.4065,0.5208,291,664,30.0,97.694,results/widepools_implicit/w*.json,"results/test_references.json, re-keyed",computed here; the repository stores none per arm
whole bank,tanimoto1,50,comparison291,0.4925,0.4341,0.5534,291,664,49.931,97.694,results/widepools_implicit/w*.json,"results/test_references.json, re-keyed",computed here; the repository stores none per arm
trained budget,tanimoto1,1,comparison291,0.0783,0.0591,0.1003,291,664,1.0,15.564,results/widepools_k30/all.json,"results/test_references.json, re-keyed",computed here; the repository stores none per arm
trained budget,tanimoto1,3,comparison291,0.1867,0.1549,0.2222,291,664,2.997,15.564,results/widepools_k30/all.json,"results/test_references.json, re-keyed",computed here; the repository stores none per arm
trained budget,tanimoto1,5,comparison291,0.256,0.2164,0.2982,291,664,4.966,15.564,results/widepools_k30/all.json,"results/test_references.json, re-keyed",computed here; the repository stores none per arm
trained budget,tanimoto1,8,comparison291,0.3087,0.2644,0.356,291,664,7.605,15.564,results/widepools_k30/all.json,"results/test_references.json, re-keyed",computed here; the repository stores none per arm
trained budget,tanimoto1,10,comparison291,0.3343,0.287,0.3856,291,664,9.038,15.564,results/widepools_k30/all.json,"results/test_references.json, re-keyed",computed here; the repository stores none per arm
trained budget,tanimoto1,15,comparison291,0.3675,0.3156,0.4229,291,664,11.526,15.564,results/widepools_k30/all.json,"results/test_references.json, re-keyed",computed here; the repository stores none per arm
trained budget,tanimoto1,20,comparison291,0.3705,0.3188,0.4255,291,664,12.787,15.564,results/widepools_k30/all.json,"results/test_references.json, re-keyed",computed here; the repository stores none per arm
trained budget,tanimoto1,30,comparison291,0.3735,0.322,0.4288,291,664,13.876,15.564,results/widepools_k30/all.json,"results/test_references.json, re-keyed",computed here; the repository stores none per arm
trained budget,tanimoto1,50,comparison291,0.3735,0.322,0.4288,291,664,14.715,15.564,results/widepools_k30/all.json,"results/test_references.json, re-keyed",computed here; the repository stores none per arm
metatox,tanimoto1,1,comparison291,0.0346,0.0212,0.0506,291,664,1.0,32.378,results/metatox_smirks_preds.json,"results/test_references.json, re-keyed",computed here; the repository stores none per arm
metatox,tanimoto1,3,comparison291,0.0994,0.0761,0.1263,291,664,3.0,32.378,results/metatox_smirks_preds.json,"results/test_references.json, re-keyed",computed here; the repository stores none per arm
metatox,tanimoto1,5,comparison291,0.1536,0.1237,0.1862,291,664,5.0,32.378,results/metatox_smirks_preds.json,"results/test_references.json, re-keyed",computed here; the repository stores none per arm
metatox,tanimoto1,8,comparison291,0.2169,0.178,0.2585,291,664,7.983,32.378,results/metatox_smirks_preds.json,"results/test_references.json, re-keyed",computed here; the repository stores none per arm
metatox,tanimoto1,10,comparison291,0.2651,0.2209,0.3115,291,664,9.959,32.378,results/metatox_smirks_preds.json,"results/test_references.json, re-keyed",computed here; the repository stores none per arm
metatox,tanimoto1,15,comparison291,0.3434,0.2916,0.3976,291,664,14.663,32.378,results/metatox_smirks_preds.json,"results/test_references.json, re-keyed",computed here; the repository stores none per arm
metatox,tanimoto1,20,comparison291,0.372,0.3174,0.429,291,664,18.873,32.378,results/metatox_smirks_preds.json,"results/test_references.json, re-keyed",computed here; the repository stores none per arm
metatox,tanimoto1,30,comparison291,0.3976,0.3424,0.4543,291,664,25.619,32.378,results/metatox_smirks_preds.json,"results/test_references.json, re-keyed",computed here; the repository stores none per arm
metatox,tanimoto1,50,comparison291,0.4277,0.3722,0.4841,291,664,32.378,32.378,results/metatox_smirks_preds.json,"results/test_references.json, re-keyed",computed here; the repository stores none per arm
sygma,tanimoto1,1,comparison291,0.1416,0.1166,0.17,291,664,0.997,40.471,results/sygma_fulltest_predictions.json,"results/test_references.json, re-keyed",computed here; the repository stores none per arm
sygma,tanimoto1,3,comparison291,0.2726,0.2324,0.3176,291,664,2.99,40.471,results/sygma_fulltest_predictions.json,"results/test_references.json, re-keyed",computed here; the repository stores none per arm
sygma,tanimoto1,5,comparison291,0.3569,0.3138,0.4049,291,664,4.976,40.471,results/sygma_fulltest_predictions.json,"results/test_references.json, re-keyed",computed here; the repository stores none per arm
sygma,tanimoto1,8,comparison291,0.3991,0.3532,0.45,291,664,7.921,40.471,results/sygma_fulltest_predictions.json,"results/test_references.json, re-keyed",computed here; the repository stores none per arm
sygma,tanimoto1,10,comparison291,0.4277,0.3812,0.4773,291,664,9.856,40.471,results/sygma_fulltest_predictions.json,"results/test_references.json, re-keyed",computed here; the repository stores none per arm
sygma,tanimoto1,15,comparison291,0.4548,0.4067,0.5057,291,664,14.632,40.471,results/sygma_fulltest_predictions.json,"results/test_references.json, re-keyed",computed here; the repository stores none per arm
sygma,tanimoto1,20,comparison291,0.4669,0.4197,0.5153,291,664,19.292,40.471,results/sygma_fulltest_predictions.json,"results/test_references.json, re-keyed",computed here; the repository stores none per arm
sygma,tanimoto1,30,comparison291,0.4744,0.4275,0.5234,291,664,27.639,40.471,results/sygma_fulltest_predictions.json,"results/test_references.json, re-keyed",computed here; the repository stores none per arm
sygma,tanimoto1,50,comparison291,0.4774,0.4308,0.5262,291,664,40.471,40.471,results/sygma_fulltest_predictions.json,"results/test_references.json, re-keyed",computed here; the repository stores none per arm
metapredictor,tanimoto1,1,comparison291,0.1386,0.1136,0.168,291,664,0.997,11.113,artifacts/tier2_1170/metapredictor_preds.json,"results/test_references.json, re-keyed",computed here; the repository stores none per arm
metapredictor,tanimoto1,3,comparison291,0.262,0.2274,0.301,291,664,2.983,11.113,artifacts/tier2_1170/metapredictor_preds.json,"results/test_references.json, re-keyed",computed here; the repository stores none per arm
metapredictor,tanimoto1,5,comparison291,0.3328,0.2925,0.3784,291,664,4.962,11.113,artifacts/tier2_1170/metapredictor_preds.json,"results/test_references.json, re-keyed",computed here; the repository stores none per arm
metapredictor,tanimoto1,8,comparison291,0.4066,0.3616,0.455,291,664,7.88,11.113,artifacts/tier2_1170/metapredictor_preds.json,"results/test_references.json, re-keyed",computed here; the repository stores none per arm
metapredictor,tanimoto1,10,comparison291,0.4367,0.3923,0.4848,291,664,9.498,11.113,artifacts/tier2_1170/metapredictor_preds.json,"results/test_references.json, re-keyed",computed here; the repository stores none per arm
metapredictor,tanimoto1,15,comparison291,0.4488,0.4049,0.4967,291,664,11.082,11.113,artifacts/tier2_1170/metapredictor_preds.json,"results/test_references.json, re-keyed",computed here; the repository stores none per arm
metapredictor,tanimoto1,20,comparison291,0.4503,0.4064,0.4984,291,664,11.113,11.113,artifacts/tier2_1170/metapredictor_preds.json,"results/test_references.json, re-keyed",computed here; the repository stores none per arm
metapredictor,tanimoto1,30,comparison291,0.4503,0.4064,0.4984,291,664,11.113,11.113,artifacts/tier2_1170/metapredictor_preds.json,"results/test_references.json, re-keyed",computed here; the repository stores none per arm
metapredictor,tanimoto1,50,comparison291,0.4503,0.4064,0.4984,291,664,11.113,11.113,artifacts/tier2_1170/metapredictor_preds.json,"results/test_references.json, re-keyed",computed here; the repository stores none per arm
biotransformer,tanimoto1,1,comparison291,0.0467,0.0321,0.0637,291,664,0.928,11.265,results/biotransformer_allhuman_one_step_preds.json,"results/test_references.json, re-keyed",computed here; the repository stores none per arm
biotransformer,tanimoto1,3,comparison291,0.1476,0.1192,0.1788,291,664,2.756,11.265,results/biotransformer_allhuman_one_step_preds.json,"results/test_references.json, re-keyed",computed here; the repository stores none per arm
biotransformer,tanimoto1,5,comparison291,0.2123,0.1794,0.2475,291,664,4.502,11.265,results/biotransformer_allhuman_one_step_preds.json,"results/test_references.json, re-keyed",computed here; the repository stores none per arm
biotransformer,tanimoto1,8,comparison291,0.2681,0.2286,0.3091,291,664,6.852,11.265,results/biotransformer_allhuman_one_step_preds.json,"results/test_references.json, re-keyed",computed here; the repository stores none per arm
biotransformer,tanimoto1,10,comparison291,0.2967,0.2533,0.341,291,664,8.11,11.265,results/biotransformer_allhuman_one_step_preds.json,"results/test_references.json, re-keyed",computed here; the repository stores none per arm
biotransformer,tanimoto1,15,comparison291,0.3358,0.2899,0.3838,291,664,10.1,11.265,results/biotransformer_allhuman_one_step_preds.json,"results/test_references.json, re-keyed",computed here; the repository stores none per arm
biotransformer,tanimoto1,20,comparison291,0.3464,0.3007,0.3933,291,664,10.911,11.265,results/biotransformer_allhuman_one_step_preds.json,"results/test_references.json, re-keyed",computed here; the repository stores none per arm
biotransformer,tanimoto1,30,comparison291,0.3509,0.3043,0.3979,291,664,11.189,11.265,results/biotransformer_allhuman_one_step_preds.json,"results/test_references.json, re-keyed",computed here; the repository stores none per arm
biotransformer,tanimoto1,50,comparison291,0.3509,0.3043,0.3979,291,664,11.265,11.265,results/biotransformer_allhuman_one_step_preds.json,"results/test_references.json, re-keyed",computed here; the repository stores none per arm
gloryx,tanimoto1,1,comparison291,0.0557,0.0403,0.0733,291,664,1.0,28.003,results/gloryx_service_preds.json,"results/test_references.json, re-keyed",computed here; the repository stores none per arm
gloryx,tanimoto1,3,comparison291,0.1687,0.1388,0.2022,291,664,3.0,28.003,results/gloryx_service_preds.json,"results/test_references.json, re-keyed",computed here; the repository stores none per arm
gloryx,tanimoto1,5,comparison291,0.2666,0.2306,0.3052,291,664,5.0,28.003,results/gloryx_service_preds.json,"results/test_references.json, re-keyed",computed here; the repository stores none per arm
gloryx,tanimoto1,8,comparison291,0.363,0.3163,0.4115,291,664,7.976,28.003,results/gloryx_service_preds.json,"results/test_references.json, re-keyed",computed here; the repository stores none per arm
gloryx,tanimoto1,10,comparison291,0.4066,0.3586,0.4568,291,664,9.904,28.003,results/gloryx_service_preds.json,"results/test_references.json, re-keyed",computed here; the repository stores none per arm
gloryx,tanimoto1,15,comparison291,0.4895,0.4426,0.5379,291,664,14.34,28.003,results/gloryx_service_preds.json,"results/test_references.json, re-keyed",computed here; the repository stores none per arm
gloryx,tanimoto1,20,comparison291,0.5181,0.468,0.5693,291,664,18.124,28.003,results/gloryx_service_preds.json,"results/test_references.json, re-keyed",computed here; the repository stores none per arm
gloryx,tanimoto1,30,comparison291,0.5452,0.4959,0.596,291,664,23.632,28.003,results/gloryx_service_preds.json,"results/test_references.json, re-keyed",computed here; the repository stores none per arm
gloryx,tanimoto1,50,comparison291,0.5587,0.5092,0.6095,291,664,28.003,28.003,results/gloryx_service_preds.json,"results/test_references.json, re-keyed",computed here; the repository stores none per arm
gloryxr_default,tanimoto1,1,comparison291,0.0738,0.0559,0.0942,291,664,1.0,27.869,results/gloryxr_local_preds_default.json,"results/test_references.json, re-keyed",computed here; the repository stores none per arm
gloryxr_default,tanimoto1,3,comparison291,0.2033,0.1689,0.2413,291,664,3.0,27.869,results/gloryxr_local_preds_default.json,"results/test_references.json, re-keyed",computed here; the repository stores none per arm
gloryxr_default,tanimoto1,5,comparison291,0.2952,0.2529,0.34,291,664,5.0,27.869,results/gloryxr_local_preds_default.json,"results/test_references.json, re-keyed",computed here; the repository stores none per arm
gloryxr_default,tanimoto1,8,comparison291,0.3675,0.3208,0.416,291,664,7.976,27.869,results/gloryxr_local_preds_default.json,"results/test_references.json, re-keyed",computed here; the repository stores none per arm
gloryxr_default,tanimoto1,10,comparison291,0.4172,0.3689,0.4685,291,664,9.904,27.869,results/gloryxr_local_preds_default.json,"results/test_references.json, re-keyed",computed here; the repository stores none per arm
gloryxr_default,tanimoto1,15,comparison291,0.4834,0.4345,0.5356,291,664,14.323,27.869,results/gloryxr_local_preds_default.json,"results/test_references.json, re-keyed",computed here; the repository stores none per arm
gloryxr_default,tanimoto1,20,comparison291,0.5166,0.4675,0.568,291,664,18.065,27.869,results/gloryxr_local_preds_default.json,"results/test_references.json, re-keyed",computed here; the repository stores none per arm
gloryxr_default,tanimoto1,30,comparison291,0.5452,0.4976,0.5947,291,664,23.56,27.869,results/gloryxr_local_preds_default.json,"results/test_references.json, re-keyed",computed here; the repository stores none per arm
gloryxr_default,tanimoto1,50,comparison291,0.5602,0.5119,0.6101,291,664,27.869,27.869,results/gloryxr_local_preds_default.json,"results/test_references.json, re-keyed",computed here; the repository stores none per arm
gloryxr_strict,tanimoto1,1,comparison291,0.0904,0.0704,0.1122,291,664,1.0,27.869,results/gloryxr_local_preds_strict.json,"results/test_references.json, re-keyed",computed here; the repository stores none per arm
gloryxr_strict,tanimoto1,3,comparison291,0.2229,0.1869,0.2619,291,664,3.0,27.869,results/gloryxr_local_preds_strict.json,"results/test_references.json, re-keyed",computed here; the repository stores none per arm
gloryxr_strict,tanimoto1,5,comparison291,0.3087,0.2656,0.3551,291,664,5.0,27.869,results/gloryxr_local_preds_strict.json,"results/test_references.json, re-keyed",computed here; the repository stores none per arm
gloryxr_strict,tanimoto1,8,comparison291,0.3855,0.3378,0.4359,291,664,7.976,27.869,results/gloryxr_local_preds_strict.json,"results/test_references.json, re-keyed",computed here; the repository stores none per arm
gloryxr_strict,tanimoto1,10,comparison291,0.4217,0.3731,0.4732,291,664,9.904,27.869,results/gloryxr_local_preds_strict.json,"results/test_references.json, re-keyed",computed here; the repository stores none per arm
gloryxr_strict,tanimoto1,15,comparison291,0.4789,0.4303,0.5307,291,664,14.323,27.869,results/gloryxr_local_preds_strict.json,"results/test_references.json, re-keyed",computed here; the repository stores none per arm
gloryxr_strict,tanimoto1,20,comparison291,0.5075,0.4587,0.5591,291,664,18.065,27.869,results/gloryxr_local_preds_strict.json,"results/test_references.json, re-keyed",computed here; the repository stores none per arm
gloryxr_strict,tanimoto1,30,comparison291,0.5407,0.4922,0.5903,291,664,23.56,27.869,results/gloryxr_local_preds_strict.json,"results/test_references.json, re-keyed",computed here; the repository stores none per arm
gloryxr_strict,tanimoto1,50,comparison291,0.5602,0.5111,0.6096,291,664,27.869,27.869,results/gloryxr_local_preds_strict.json,"results/test_references.json, re-keyed",computed here; the repository stores none per arm
whole bank,inchikey_tautomer,1,comparison291,0.0992,0.0777,0.1248,291,665,1.0,98.117,results/widepools_implicit/w*.json,pool references (tautomer keys),computed here; the repository stores none per arm
whole bank,inchikey_tautomer,3,comparison291,0.2301,0.1955,0.2697,291,665,3.0,98.117,results/widepools_implicit/w*.json,pool references (tautomer keys),computed here; the repository stores none per arm
whole bank,inchikey_tautomer,5,comparison291,0.3113,0.2729,0.354,291,665,5.0,98.117,results/widepools_implicit/w*.json,pool references (tautomer keys),computed here; the repository stores none per arm
whole bank,inchikey_tautomer,8,comparison291,0.4165,0.3735,0.4627,291,665,8.0,98.117,results/widepools_implicit/w*.json,pool references (tautomer keys),computed here; the repository stores none per arm
whole bank,inchikey_tautomer,10,comparison291,0.4556,0.411,0.5041,291,665,10.0,98.117,results/widepools_implicit/w*.json,pool references (tautomer keys),computed here; the repository stores none per arm
whole bank,inchikey_tautomer,15,comparison291,0.5353,0.4907,0.5822,291,665,15.0,98.117,results/widepools_implicit/w*.json,pool references (tautomer keys),computed here; the repository stores none per arm
whole bank,inchikey_tautomer,20,comparison291,0.5865,0.5401,0.6354,291,665,20.0,98.117,results/widepools_implicit/w*.json,pool references (tautomer keys),computed here; the repository stores none per arm
whole bank,inchikey_tautomer,30,comparison291,0.6526,0.6032,0.7039,291,665,30.0,98.117,results/widepools_implicit/w*.json,pool references (tautomer keys),computed here; the repository stores none per arm
whole bank,inchikey_tautomer,50,comparison291,0.7023,0.6491,0.7545,291,665,49.931,98.117,results/widepools_implicit/w*.json,pool references (tautomer keys),computed here; the repository stores none per arm
trained budget,inchikey_tautomer,1,comparison291,0.1053,0.0836,0.1306,291,665,1.0,15.625,results/widepools_k30/all.json,pool references (tautomer keys),computed here; the repository stores none per arm
trained budget,inchikey_tautomer,3,comparison291,0.2406,0.2064,0.2793,291,665,2.997,15.625,results/widepools_k30/all.json,pool references (tautomer keys),computed here; the repository stores none per arm
trained budget,inchikey_tautomer,5,comparison291,0.3203,0.2811,0.3636,291,665,4.966,15.625,results/widepools_k30/all.json,pool references (tautomer keys),computed here; the repository stores none per arm
trained budget,inchikey_tautomer,8,comparison291,0.4015,0.3582,0.4493,291,665,7.601,15.625,results/widepools_k30/all.json,pool references (tautomer keys),computed here; the repository stores none per arm
trained budget,inchikey_tautomer,10,comparison291,0.4331,0.3862,0.4837,291,665,9.034,15.625,results/widepools_k30/all.json,pool references (tautomer keys),computed here; the repository stores none per arm
trained budget,inchikey_tautomer,15,comparison291,0.4797,0.4294,0.5332,291,665,11.529,15.625,results/widepools_k30/all.json,pool references (tautomer keys),computed here; the repository stores none per arm
trained budget,inchikey_tautomer,20,comparison291,0.4872,0.4368,0.541,291,665,12.797,15.625,results/widepools_k30/all.json,pool references (tautomer keys),computed here; the repository stores none per arm
trained budget,inchikey_tautomer,30,comparison291,0.4902,0.4399,0.5436,291,665,13.914,15.625,results/widepools_k30/all.json,pool references (tautomer keys),computed here; the repository stores none per arm
trained budget,inchikey_tautomer,50,comparison291,0.4902,0.4399,0.5436,291,665,14.773,15.625,results/widepools_k30/all.json,pool references (tautomer keys),computed here; the repository stores none per arm
metatox,inchikey_tautomer,1,comparison291,0.0406,0.026,0.0576,291,665,1.0,30.914,results/metatox_smirks_preds.json,pool references (tautomer keys),computed here; the repository stores none per arm
metatox,inchikey_tautomer,3,comparison291,0.1323,0.1064,0.1617,291,665,3.0,30.914,results/metatox_smirks_preds.json,pool references (tautomer keys),computed here; the repository stores none per arm
metatox,inchikey_tautomer,5,comparison291,0.218,0.1847,0.253,291,665,5.0,30.914,results/metatox_smirks_preds.json,pool references (tautomer keys),computed here; the repository stores none per arm
metatox,inchikey_tautomer,8,comparison291,0.3113,0.2702,0.3543,291,665,7.979,30.914,results/metatox_smirks_preds.json,pool references (tautomer keys),computed here; the repository stores none per arm
metatox,inchikey_tautomer,10,comparison291,0.388,0.3424,0.4351,291,665,9.942,30.914,results/metatox_smirks_preds.json,pool references (tautomer keys),computed here; the repository stores none per arm
metatox,inchikey_tautomer,15,comparison291,0.5143,0.4651,0.5659,291,665,14.584,30.914,results/metatox_smirks_preds.json,pool references (tautomer keys),computed here; the repository stores none per arm
metatox,inchikey_tautomer,20,comparison291,0.5519,0.5014,0.6034,291,665,18.729,30.914,results/metatox_smirks_preds.json,pool references (tautomer keys),computed here; the repository stores none per arm
metatox,inchikey_tautomer,30,comparison291,0.6015,0.551,0.6511,291,665,25.137,30.914,results/metatox_smirks_preds.json,pool references (tautomer keys),computed here; the repository stores none per arm
metatox,inchikey_tautomer,50,comparison291,0.6271,0.5752,0.6786,291,665,30.914,30.914,results/metatox_smirks_preds.json,pool references (tautomer keys),computed here; the repository stores none per arm
sygma,inchikey_tautomer,1,comparison291,0.1534,0.1275,0.1824,291,665,0.997,40.491,results/sygma_fulltest_predictions.json,pool references (tautomer keys),computed here; the repository stores none per arm
sygma,inchikey_tautomer,3,comparison291,0.2887,0.249,0.3328,291,665,2.99,40.491,results/sygma_fulltest_predictions.json,pool references (tautomer keys),computed here; the repository stores none per arm
sygma,inchikey_tautomer,5,comparison291,0.3744,0.3319,0.4216,291,665,4.976,40.491,results/sygma_fulltest_predictions.json,pool references (tautomer keys),computed here; the repository stores none per arm
sygma,inchikey_tautomer,8,comparison291,0.4271,0.3807,0.4777,291,665,7.921,40.491,results/sygma_fulltest_predictions.json,pool references (tautomer keys),computed here; the repository stores none per arm
sygma,inchikey_tautomer,10,comparison291,0.4556,0.41,0.5048,291,665,9.856,40.491,results/sygma_fulltest_predictions.json,pool references (tautomer keys),computed here; the repository stores none per arm
sygma,inchikey_tautomer,15,comparison291,0.4842,0.4381,0.5343,291,665,14.632,40.491,results/sygma_fulltest_predictions.json,pool references (tautomer keys),computed here; the repository stores none per arm
sygma,inchikey_tautomer,20,comparison291,0.4992,0.454,0.5471,291,665,19.292,40.491,results/sygma_fulltest_predictions.json,pool references (tautomer keys),computed here; the repository stores none per arm
sygma,inchikey_tautomer,30,comparison291,0.5068,0.4619,0.555,291,665,27.643,40.491,results/sygma_fulltest_predictions.json,pool references (tautomer keys),computed here; the repository stores none per arm
sygma,inchikey_tautomer,50,comparison291,0.5113,0.4666,0.5586,291,665,40.491,40.491,results/sygma_fulltest_predictions.json,pool references (tautomer keys),computed here; the repository stores none per arm
metapredictor,inchikey_tautomer,1,comparison291,0.1398,0.1148,0.1693,291,665,0.997,10.746,artifacts/tier2_1170/metapredictor_preds.json,pool references (tautomer keys),computed here; the repository stores none per arm
metapredictor,inchikey_tautomer,3,comparison291,0.2767,0.2411,0.3168,291,665,2.983,10.746,artifacts/tier2_1170/metapredictor_preds.json,pool references (tautomer keys),computed here; the repository stores none per arm
metapredictor,inchikey_tautomer,5,comparison291,0.3549,0.3138,0.4007,291,665,4.966,10.746,artifacts/tier2_1170/metapredictor_preds.json,pool references (tautomer keys),computed here; the repository stores none per arm
metapredictor,inchikey_tautomer,8,comparison291,0.4346,0.3893,0.4835,291,665,7.863,10.746,artifacts/tier2_1170/metapredictor_preds.json,pool references (tautomer keys),computed here; the repository stores none per arm
metapredictor,inchikey_tautomer,10,comparison291,0.4707,0.4252,0.5193,291,665,9.43,10.746,artifacts/tier2_1170/metapredictor_preds.json,pool references (tautomer keys),computed here; the repository stores none per arm
metapredictor,inchikey_tautomer,15,comparison291,0.4797,0.4348,0.5282,291,665,10.729,10.746,artifacts/tier2_1170/metapredictor_preds.json,pool references (tautomer keys),computed here; the repository stores none per arm
metapredictor,inchikey_tautomer,20,comparison291,0.4797,0.4348,0.5282,291,665,10.746,10.746,artifacts/tier2_1170/metapredictor_preds.json,pool references (tautomer keys),computed here; the repository stores none per arm
metapredictor,inchikey_tautomer,30,comparison291,0.4797,0.4348,0.5282,291,665,10.746,10.746,artifacts/tier2_1170/metapredictor_preds.json,pool references (tautomer keys),computed here; the repository stores none per arm
metapredictor,inchikey_tautomer,50,comparison291,0.4797,0.4348,0.5282,291,665,10.746,10.746,artifacts/tier2_1170/metapredictor_preds.json,pool references (tautomer keys),computed here; the repository stores none per arm
biotransformer,inchikey_tautomer,1,comparison291,0.0692,0.0512,0.0899,291,665,0.928,11.296,results/biotransformer_allhuman_one_step_preds.json,pool references (tautomer keys),computed here; the repository stores none per arm
biotransformer,inchikey_tautomer,3,comparison291,0.185,0.1542,0.2189,291,665,2.756,11.296,results/biotransformer_allhuman_one_step_preds.json,pool references (tautomer keys),computed here; the repository stores none per arm
biotransformer,inchikey_tautomer,5,comparison291,0.2647,0.2298,0.3019,291,665,4.502,11.296,results/biotransformer_allhuman_one_step_preds.json,pool references (tautomer keys),computed here; the repository stores none per arm
biotransformer,inchikey_tautomer,8,comparison291,0.3338,0.2945,0.3769,291,665,6.852,11.296,results/biotransformer_allhuman_one_step_preds.json,pool references (tautomer keys),computed here; the repository stores none per arm
biotransformer,inchikey_tautomer,10,comparison291,0.3684,0.3277,0.4125,291,665,8.11,11.296,results/biotransformer_allhuman_one_step_preds.json,pool references (tautomer keys),computed here; the repository stores none per arm
biotransformer,inchikey_tautomer,15,comparison291,0.4271,0.3836,0.4741,291,665,10.107,11.296,results/biotransformer_allhuman_one_step_preds.json,pool references (tautomer keys),computed here; the repository stores none per arm
biotransformer,inchikey_tautomer,20,comparison291,0.4466,0.4019,0.4932,291,665,10.928,11.296,results/biotransformer_allhuman_one_step_preds.json,pool references (tautomer keys),computed here; the repository stores none per arm
biotransformer,inchikey_tautomer,30,comparison291,0.4541,0.4082,0.5017,291,665,11.21,11.296,results/biotransformer_allhuman_one_step_preds.json,pool references (tautomer keys),computed here; the repository stores none per arm
biotransformer,inchikey_tautomer,50,comparison291,0.4556,0.409,0.5044,291,665,11.296,11.296,results/biotransformer_allhuman_one_step_preds.json,pool references (tautomer keys),computed here; the repository stores none per arm
gloryx,inchikey_tautomer,1,comparison291,0.0662,0.0492,0.0856,291,665,1.0,27.199,results/gloryx_service_preds.json,pool references (tautomer keys),computed here; the repository stores none per arm
gloryx,inchikey_tautomer,3,comparison291,0.1895,0.158,0.2241,291,665,3.0,27.199,results/gloryx_service_preds.json,pool references (tautomer keys),computed here; the repository stores none per arm
gloryx,inchikey_tautomer,5,comparison291,0.2872,0.2507,0.3256,291,665,5.0,27.199,results/gloryx_service_preds.json,pool references (tautomer keys),computed here; the repository stores none per arm
gloryx,inchikey_tautomer,8,comparison291,0.397,0.3508,0.4451,291,665,7.973,27.199,results/gloryx_service_preds.json,pool references (tautomer keys),computed here; the repository stores none per arm
gloryx,inchikey_tautomer,10,comparison291,0.4406,0.3927,0.49,291,665,9.893,27.199,results/gloryx_service_preds.json,pool references (tautomer keys),computed here; the repository stores none per arm
gloryx,inchikey_tautomer,15,comparison291,0.5233,0.478,0.5707,291,665,14.299,27.199,results/gloryx_service_preds.json,pool references (tautomer keys),computed here; the repository stores none per arm
gloryx,inchikey_tautomer,20,comparison291,0.5579,0.5095,0.6072,291,665,17.99,27.199,results/gloryx_service_preds.json,pool references (tautomer keys),computed here; the repository stores none per arm
gloryx,inchikey_tautomer,30,comparison291,0.5925,0.5445,0.6416,291,665,23.33,27.199,results/gloryx_service_preds.json,pool references (tautomer keys),computed here; the repository stores none per arm
gloryx,inchikey_tautomer,50,comparison291,0.606,0.5567,0.6565,291,665,27.199,27.199,results/gloryx_service_preds.json,pool references (tautomer keys),computed here; the repository stores none per arm
gloryxr_default,inchikey_tautomer,1,comparison291,0.0872,0.0675,0.1094,291,665,1.0,26.997,results/gloryxr_local_preds_default.json,pool references (tautomer keys),computed here; the repository stores none per arm
gloryxr_default,inchikey_tautomer,3,comparison291,0.2286,0.1924,0.2691,291,665,3.0,26.997,results/gloryxr_local_preds_default.json,pool references (tautomer keys),computed here; the repository stores none per arm
gloryxr_default,inchikey_tautomer,5,comparison291,0.3233,0.2805,0.3696,291,665,5.0,26.997,results/gloryxr_local_preds_default.json,pool references (tautomer keys),computed here; the repository stores none per arm
gloryxr_default,inchikey_tautomer,8,comparison291,0.397,0.3491,0.4475,291,665,7.973,26.997,results/gloryxr_local_preds_default.json,pool references (tautomer keys),computed here; the repository stores none per arm
gloryxr_default,inchikey_tautomer,10,comparison291,0.4481,0.3982,0.5008,291,665,9.893,26.997,results/gloryxr_local_preds_default.json,pool references (tautomer keys),computed here; the repository stores none per arm
gloryxr_default,inchikey_tautomer,15,comparison291,0.5188,0.4692,0.571,291,665,14.271,26.997,results/gloryxr_local_preds_default.json,pool references (tautomer keys),computed here; the repository stores none per arm
gloryxr_default,inchikey_tautomer,20,comparison291,0.5549,0.506,0.6061,291,665,17.904,26.997,results/gloryxr_local_preds_default.json,pool references (tautomer keys),computed here; the repository stores none per arm
gloryxr_default,inchikey_tautomer,30,comparison291,0.5865,0.5389,0.6351,291,665,23.213,26.997,results/gloryxr_local_preds_default.json,pool references (tautomer keys),computed here; the repository stores none per arm
gloryxr_default,inchikey_tautomer,50,comparison291,0.603,0.5538,0.653,291,665,26.997,26.997,results/gloryxr_local_preds_default.json,pool references (tautomer keys),computed here; the repository stores none per arm
gloryxr_strict,inchikey_tautomer,1,comparison291,0.1023,0.0808,0.126,291,665,1.0,26.997,results/gloryxr_local_preds_strict.json,pool references (tautomer keys),computed here; the repository stores none per arm
gloryxr_strict,inchikey_tautomer,3,comparison291,0.2481,0.2113,0.2893,291,665,3.0,26.997,results/gloryxr_local_preds_strict.json,pool references (tautomer keys),computed here; the repository stores none per arm
gloryxr_strict,inchikey_tautomer,5,comparison291,0.3353,0.2911,0.383,291,665,5.0,26.997,results/gloryxr_local_preds_strict.json,pool references (tautomer keys),computed here; the repository stores none per arm
gloryxr_strict,inchikey_tautomer,8,comparison291,0.4135,0.3644,0.4651,291,665,7.973,26.997,results/gloryxr_local_preds_strict.json,pool references (tautomer keys),computed here; the repository stores none per arm
gloryxr_strict,inchikey_tautomer,10,comparison291,0.4556,0.4051,0.5081,291,665,9.893,26.997,results/gloryxr_local_preds_strict.json,pool references (tautomer keys),computed here; the repository stores none per arm
gloryxr_strict,inchikey_tautomer,15,comparison291,0.5143,0.4657,0.5659,291,665,14.271,26.997,results/gloryxr_local_preds_strict.json,pool references (tautomer keys),computed here; the repository stores none per arm
gloryxr_strict,inchikey_tautomer,20,comparison291,0.5459,0.4967,0.5973,291,665,17.904,26.997,results/gloryxr_local_preds_strict.json,pool references (tautomer keys),computed here; the repository stores none per arm
gloryxr_strict,inchikey_tautomer,30,comparison291,0.582,0.5336,0.6317,291,665,23.213,26.997,results/gloryxr_local_preds_strict.json,pool references (tautomer keys),computed here; the repository stores none per arm
gloryxr_strict,inchikey_tautomer,50,comparison291,0.603,0.5531,0.6535,291,665,26.997,26.997,results/gloryxr_local_preds_strict.json,pool references (tautomer keys),computed here; the repository stores none per arm
whole bank,exact,1,evaluated1170,0.0859,0.0754,0.0971,1170,2597,1.0,98.176,results/widepools_fulltest/w*.json,"results/test_references.json, re-keyed",computed here; the repository stores none per arm
whole bank,exact,3,evaluated1170,0.176,0.1596,0.1931,1170,2597,2.998,98.176,results/widepools_fulltest/w*.json,"results/test_references.json, re-keyed",computed here; the repository stores none per arm
whole bank,exact,5,evaluated1170,0.2322,0.2134,0.2522,1170,2597,4.997,98.176,results/widepools_fulltest/w*.json,"results/test_references.json, re-keyed",computed here; the repository stores none per arm
whole bank,exact,8,evaluated1170,0.2965,0.2746,0.319,1170,2597,7.994,98.176,results/widepools_fulltest/w*.json,"results/test_references.json, re-keyed",computed here; the repository stores none per arm
whole bank,exact,10,evaluated1170,0.3269,0.3036,0.3505,1170,2597,9.992,98.176,results/widepools_fulltest/w*.json,"results/test_references.json, re-keyed",computed here; the repository stores none per arm
whole bank,exact,15,evaluated1170,0.3908,0.3652,0.4161,1170,2597,14.988,98.176,results/widepools_fulltest/w*.json,"results/test_references.json, re-keyed",computed here; the repository stores none per arm
whole bank,exact,20,evaluated1170,0.4282,0.4014,0.4549,1170,2597,19.984,98.176,results/widepools_fulltest/w*.json,"results/test_references.json, re-keyed",computed here; the repository stores none per arm
whole bank,exact,30,evaluated1170,0.4671,0.4388,0.4954,1170,2597,29.971,98.176,results/widepools_fulltest/w*.json,"results/test_references.json, re-keyed",computed here; the repository stores none per arm
whole bank,exact,50,evaluated1170,0.5144,0.4844,0.5443,1170,2597,49.88,98.176,results/widepools_fulltest/w*.json,"results/test_references.json, re-keyed",computed here; the repository stores none per arm
trained budget,exact,1,evaluated1170,0.0882,0.0777,0.0995,1170,2597,1.0,17.081,results/widepools_k30_fulltest/w*.json,"results/test_references.json, re-keyed",computed here; the repository stores none per arm
trained budget,exact,3,evaluated1170,0.1879,0.1714,0.2054,1170,2597,2.996,17.081,results/widepools_k30_fulltest/w*.json,"results/test_references.json, re-keyed",computed here; the repository stores none per arm
trained budget,exact,5,evaluated1170,0.2507,0.2309,0.2715,1170,2597,4.954,17.081,results/widepools_k30_fulltest/w*.json,"results/test_references.json, re-keyed",computed here; the repository stores none per arm
trained budget,exact,8,evaluated1170,0.3073,0.2847,0.3312,1170,2597,7.67,17.081,results/widepools_k30_fulltest/w*.json,"results/test_references.json, re-keyed",computed here; the repository stores none per arm
trained budget,exact,10,evaluated1170,0.3365,0.3124,0.3614,1170,2597,9.202,17.081,results/widepools_k30_fulltest/w*.json,"results/test_references.json, re-keyed",computed here; the repository stores none per arm
trained budget,exact,15,evaluated1170,0.3697,0.3444,0.396,1170,2597,11.955,17.081,results/widepools_k30_fulltest/w*.json,"results/test_references.json, re-keyed",computed here; the repository stores none per arm
trained budget,exact,20,evaluated1170,0.3816,0.3559,0.408,1170,2597,13.467,17.081,results/widepools_k30_fulltest/w*.json,"results/test_references.json, re-keyed",computed here; the repository stores none per arm
trained budget,exact,30,evaluated1170,0.3881,0.3624,0.4147,1170,2597,14.934,17.081,results/widepools_k30_fulltest/w*.json,"results/test_references.json, re-keyed",computed here; the repository stores none per arm
trained budget,exact,50,evaluated1170,0.3893,0.3633,0.4161,1170,2597,16.07,17.081,results/widepools_k30_fulltest/w*.json,"results/test_references.json, re-keyed",computed here; the repository stores none per arm
sygma,exact,1,evaluated1170,0.1409,0.1278,0.1547,1170,2597,0.996,40.935,results/sygma_fulltest_predictions.json,"results/test_references.json, re-keyed",computed here; the repository stores none per arm
sygma,exact,3,evaluated1170,0.2915,0.2715,0.3128,1170,2597,2.987,40.935,results/sygma_fulltest_predictions.json,"results/test_references.json, re-keyed",computed here; the repository stores none per arm
sygma,exact,5,evaluated1170,0.3735,0.3512,0.3973,1170,2597,4.968,40.935,results/sygma_fulltest_predictions.json,"results/test_references.json, re-keyed",computed here; the repository stores none per arm
sygma,exact,8,evaluated1170,0.4251,0.4019,0.4496,1170,2597,7.913,40.935,results/sygma_fulltest_predictions.json,"results/test_references.json, re-keyed",computed here; the repository stores none per arm
sygma,exact,10,evaluated1170,0.4471,0.4237,0.4721,1170,2597,9.833,40.935,results/sygma_fulltest_predictions.json,"results/test_references.json, re-keyed",computed here; the repository stores none per arm
sygma,exact,15,evaluated1170,0.4775,0.453,0.5036,1170,2597,14.534,40.935,results/sygma_fulltest_predictions.json,"results/test_references.json, re-keyed",computed here; the repository stores none per arm
sygma,exact,20,evaluated1170,0.489,0.4643,0.5148,1170,2597,19.097,40.935,results/sygma_fulltest_predictions.json,"results/test_references.json, re-keyed",computed here; the repository stores none per arm
sygma,exact,30,evaluated1170,0.4963,0.4718,0.5222,1170,2597,27.494,40.935,results/sygma_fulltest_predictions.json,"results/test_references.json, re-keyed",computed here; the repository stores none per arm
sygma,exact,50,evaluated1170,0.4979,0.4734,0.5235,1170,2597,40.935,40.935,results/sygma_fulltest_predictions.json,"results/test_references.json, re-keyed",computed here; the repository stores none per arm
metapredictor,exact,1,evaluated1170,0.1494,0.1359,0.1633,1170,2597,0.997,13.719,artifacts/tier2_1170/metapredictor_preds.json,"results/test_references.json, re-keyed",computed here; the repository stores none per arm
metapredictor,exact,3,evaluated1170,0.2665,0.2473,0.2862,1170,2597,2.989,13.719,artifacts/tier2_1170/metapredictor_preds.json,"results/test_references.json, re-keyed",computed here; the repository stores none per arm
metapredictor,exact,5,evaluated1170,0.3342,0.3133,0.356,1170,2597,4.975,13.719,artifacts/tier2_1170/metapredictor_preds.json,"results/test_references.json, re-keyed",computed here; the repository stores none per arm
metapredictor,exact,8,evaluated1170,0.3943,0.3712,0.4182,1170,2597,7.931,13.719,artifacts/tier2_1170/metapredictor_preds.json,"results/test_references.json, re-keyed",computed here; the repository stores none per arm
metapredictor,exact,10,evaluated1170,0.4224,0.3983,0.4467,1170,2597,9.857,13.719,artifacts/tier2_1170/metapredictor_preds.json,"results/test_references.json, re-keyed",computed here; the repository stores none per arm
metapredictor,exact,15,evaluated1170,0.4582,0.4342,0.4828,1170,2597,13.509,13.719,artifacts/tier2_1170/metapredictor_preds.json,"results/test_references.json, re-keyed",computed here; the repository stores none per arm
metapredictor,exact,20,evaluated1170,0.4594,0.4352,0.4839,1170,2597,13.719,13.719,artifacts/tier2_1170/metapredictor_preds.json,"results/test_references.json, re-keyed",computed here; the repository stores none per arm
metapredictor,exact,30,evaluated1170,0.4594,0.4352,0.4839,1170,2597,13.719,13.719,artifacts/tier2_1170/metapredictor_preds.json,"results/test_references.json, re-keyed",computed here; the repository stores none per arm
metapredictor,exact,50,evaluated1170,0.4594,0.4352,0.4839,1170,2597,13.719,13.719,artifacts/tier2_1170/metapredictor_preds.json,"results/test_references.json, re-keyed",computed here; the repository stores none per arm
biotransformer,exact,1,evaluated1170,0.0046,0.0023,0.0074,1170,2597,0.909,11.487,results/biotransformer_fulltest_preds.json,"results/test_references.json, re-keyed",computed here; the repository stores none per arm
biotransformer,exact,3,evaluated1170,0.0077,0.0044,0.0114,1170,2597,2.686,11.487,results/biotransformer_fulltest_preds.json,"results/test_references.json, re-keyed",computed here; the repository stores none per arm
biotransformer,exact,5,evaluated1170,0.0089,0.0052,0.013,1170,2597,4.366,11.487,results/biotransformer_fulltest_preds.json,"results/test_references.json, re-keyed",computed here; the repository stores none per arm
biotransformer,exact,8,evaluated1170,0.01,0.0061,0.0145,1170,2597,6.591,11.487,results/biotransformer_fulltest_preds.json,"results/test_references.json, re-keyed",computed here; the repository stores none per arm
biotransformer,exact,10,evaluated1170,0.0108,0.0067,0.0154,1170,2597,7.81,11.487,results/biotransformer_fulltest_preds.json,"results/test_references.json, re-keyed",computed here; the repository stores none per arm
biotransformer,exact,15,evaluated1170,0.0112,0.0069,0.0159,1170,2597,9.882,11.487,results/biotransformer_fulltest_preds.json,"results/test_references.json, re-keyed",computed here; the repository stores none per arm
biotransformer,exact,20,evaluated1170,0.0112,0.0069,0.0159,1170,2597,10.804,11.487,results/biotransformer_fulltest_preds.json,"results/test_references.json, re-keyed",computed here; the repository stores none per arm
biotransformer,exact,30,evaluated1170,0.0112,0.0069,0.0159,1170,2597,11.309,11.487,results/biotransformer_fulltest_preds.json,"results/test_references.json, re-keyed",computed here; the repository stores none per arm
biotransformer,exact,50,evaluated1170,0.0112,0.0069,0.0159,1170,2597,11.487,11.487,results/biotransformer_fulltest_preds.json,"results/test_references.json, re-keyed",computed here; the repository stores none per arm
gloryx,exact,1,evaluated1170,0.0685,0.0598,0.0776,1170,2597,0.997,29.213,results/gloryx_service_preds_evaluated1170.json,"results/test_references.json, re-keyed",computed here; the repository stores none per arm
gloryx,exact,3,evaluated1170,0.1787,0.1626,0.195,1170,2597,2.99,29.213,results/gloryx_service_preds_evaluated1170.json,"results/test_references.json, re-keyed",computed here; the repository stores none per arm
gloryx,exact,5,evaluated1170,0.2692,0.2495,0.2893,1170,2597,4.979,29.213,results/gloryx_service_preds_evaluated1170.json,"results/test_references.json, re-keyed",computed here; the repository stores none per arm
gloryx,exact,8,evaluated1170,0.3623,0.3388,0.3861,1170,2597,7.929,29.213,results/gloryx_service_preds_evaluated1170.json,"results/test_references.json, re-keyed",computed here; the repository stores none per arm
gloryx,exact,10,evaluated1170,0.4051,0.3804,0.43,1170,2597,9.846,29.213,results/gloryx_service_preds_evaluated1170.json,"results/test_references.json, re-keyed",computed here; the repository stores none per arm
gloryx,exact,15,evaluated1170,0.4705,0.4443,0.4966,1170,2597,14.331,29.213,results/gloryx_service_preds_evaluated1170.json,"results/test_references.json, re-keyed",computed here; the repository stores none per arm
gloryx,exact,20,evaluated1170,0.5033,0.4759,0.5304,1170,2597,18.15,29.213,results/gloryx_service_preds_evaluated1170.json,"results/test_references.json, re-keyed",computed here; the repository stores none per arm
gloryx,exact,30,evaluated1170,0.5275,0.4996,0.5549,1170,2597,24.009,29.213,results/gloryx_service_preds_evaluated1170.json,"results/test_references.json, re-keyed",computed here; the repository stores none per arm
gloryx,exact,50,evaluated1170,0.5375,0.5092,0.565,1170,2597,29.213,29.213,results/gloryx_service_preds_evaluated1170.json,"results/test_references.json, re-keyed",computed here; the repository stores none per arm
gloryxr_default,exact,1,evaluated1170,0.0809,0.0712,0.0909,1170,2597,0.999,29.11,results/gloryxr_local_preds_default.json,"results/test_references.json, re-keyed",computed here; the repository stores none per arm
gloryxr_default,exact,3,evaluated1170,0.2114,0.1944,0.229,1170,2597,2.997,29.11,results/gloryxr_local_preds_default.json,"results/test_references.json, re-keyed",computed here; the repository stores none per arm
gloryxr_default,exact,5,evaluated1170,0.3057,0.285,0.3274,1170,2597,4.991,29.11,results/gloryxr_local_preds_default.json,"results/test_references.json, re-keyed",computed here; the repository stores none per arm
gloryxr_default,exact,8,evaluated1170,0.3878,0.3643,0.4113,1170,2597,7.947,29.11,results/gloryxr_local_preds_default.json,"results/test_references.json, re-keyed",computed here; the repository stores none per arm
gloryxr_default,exact,10,evaluated1170,0.4259,0.4023,0.4497,1170,2597,9.868,29.11,results/gloryxr_local_preds_default.json,"results/test_references.json, re-keyed",computed here; the repository stores none per arm
gloryxr_default,exact,15,evaluated1170,0.4913,0.4675,0.5163,1170,2597,14.35,29.11,results/gloryxr_local_preds_default.json,"results/test_references.json, re-keyed",computed here; the repository stores none per arm
gloryxr_default,exact,20,evaluated1170,0.5291,0.5042,0.5548,1170,2597,18.148,29.11,results/gloryxr_local_preds_default.json,"results/test_references.json, re-keyed",computed here; the repository stores none per arm
gloryxr_default,exact,30,evaluated1170,0.5614,0.5362,0.5869,1170,2597,23.968,29.11,results/gloryxr_local_preds_default.json,"results/test_references.json, re-keyed",computed here; the repository stores none per arm
gloryxr_default,exact,50,evaluated1170,0.5768,0.5512,0.6024,1170,2597,29.11,29.11,results/gloryxr_local_preds_default.json,"results/test_references.json, re-keyed",computed here; the repository stores none per arm
gloryxr_strict,exact,1,evaluated1170,0.1074,0.0962,0.119,1170,2597,0.999,29.11,results/gloryxr_local_preds_strict.json,"results/test_references.json, re-keyed",computed here; the repository stores none per arm
gloryxr_strict,exact,3,evaluated1170,0.2422,0.224,0.2613,1170,2597,2.997,29.11,results/gloryxr_local_preds_strict.json,"results/test_references.json, re-keyed",computed here; the repository stores none per arm
gloryxr_strict,exact,5,evaluated1170,0.33,0.3084,0.3526,1170,2597,4.991,29.11,results/gloryxr_local_preds_strict.json,"results/test_references.json, re-keyed",computed here; the repository stores none per arm
gloryxr_strict,exact,8,evaluated1170,0.402,0.3786,0.4265,1170,2597,7.947,29.11,results/gloryxr_local_preds_strict.json,"results/test_references.json, re-keyed",computed here; the repository stores none per arm
gloryxr_strict,exact,10,evaluated1170,0.4413,0.418,0.4658,1170,2597,9.868,29.11,results/gloryxr_local_preds_strict.json,"results/test_references.json, re-keyed",computed here; the repository stores none per arm
gloryxr_strict,exact,15,evaluated1170,0.4906,0.4663,0.5154,1170,2597,14.35,29.11,results/gloryxr_local_preds_strict.json,"results/test_references.json, re-keyed",computed here; the repository stores none per arm
gloryxr_strict,exact,20,evaluated1170,0.5221,0.4972,0.5475,1170,2597,18.148,29.11,results/gloryxr_local_preds_strict.json,"results/test_references.json, re-keyed",computed here; the repository stores none per arm
gloryxr_strict,exact,30,evaluated1170,0.5526,0.5272,0.5781,1170,2597,23.968,29.11,results/gloryxr_local_preds_strict.json,"results/test_references.json, re-keyed",computed here; the repository stores none per arm
gloryxr_strict,exact,50,evaluated1170,0.5745,0.549,0.5998,1170,2597,29.11,29.11,results/gloryxr_local_preds_strict.json,"results/test_references.json, re-keyed",computed here; the repository stores none per arm
metatox,exact,1,evaluated1170,0.035,0.0283,0.0423,1170,2597,1.0,33.312,results/metatox_smirks_preds_evaluated1170.json,"results/test_references.json, re-keyed",computed here; the repository stores none per arm
metatox,exact,3,evaluated1170,0.1186,0.1052,0.1325,1170,2597,2.998,33.312,results/metatox_smirks_preds_evaluated1170.json,"results/test_references.json, re-keyed",computed here; the repository stores none per arm
metatox,exact,5,evaluated1170,0.1894,0.1724,0.207,1170,2597,4.995,33.312,results/metatox_smirks_preds_evaluated1170.json,"results/test_references.json, re-keyed",computed here; the repository stores none per arm
metatox,exact,8,evaluated1170,0.2545,0.2338,0.2759,1170,2597,7.973,33.312,results/metatox_smirks_preds_evaluated1170.json,"results/test_references.json, re-keyed",computed here; the repository stores none per arm
metatox,exact,10,evaluated1170,0.2965,0.2738,0.3197,1170,2597,9.932,33.312,results/metatox_smirks_preds_evaluated1170.json,"results/test_references.json, re-keyed",computed here; the repository stores none per arm
metatox,exact,15,evaluated1170,0.3566,0.3307,0.3823,1170,2597,14.64,33.312,results/metatox_smirks_preds_evaluated1170.json,"results/test_references.json, re-keyed",computed here; the repository stores none per arm
metatox,exact,20,evaluated1170,0.3889,0.3621,0.4157,1170,2597,18.913,33.312,results/metatox_smirks_preds_evaluated1170.json,"results/test_references.json, re-keyed",computed here; the repository stores none per arm
metatox,exact,30,evaluated1170,0.4162,0.3885,0.4443,1170,2597,25.862,33.312,results/metatox_smirks_preds_evaluated1170.json,"results/test_references.json, re-keyed",computed here; the repository stores none per arm
metatox,exact,50,evaluated1170,0.4482,0.4194,0.4768,1170,2597,33.312,33.312,results/metatox_smirks_preds_evaluated1170.json,"results/test_references.json, re-keyed",computed here; the repository stores none per arm
whole bank,canonical,1,evaluated1170,0.0859,0.0754,0.0971,1170,2597,1.0,98.176,results/widepools_fulltest/w*.json,"results/test_references.json, re-keyed",computed here; the repository stores none per arm
whole bank,canonical,3,evaluated1170,0.1764,0.1599,0.1935,1170,2597,2.998,98.176,results/widepools_fulltest/w*.json,"results/test_references.json, re-keyed",computed here; the repository stores none per arm
whole bank,canonical,5,evaluated1170,0.2326,0.2139,0.2526,1170,2597,4.997,98.176,results/widepools_fulltest/w*.json,"results/test_references.json, re-keyed",computed here; the repository stores none per arm
whole bank,canonical,8,evaluated1170,0.2969,0.2751,0.3193,1170,2597,7.994,98.176,results/widepools_fulltest/w*.json,"results/test_references.json, re-keyed",computed here; the repository stores none per arm
whole bank,canonical,10,evaluated1170,0.3273,0.304,0.3509,1170,2597,9.992,98.176,results/widepools_fulltest/w*.json,"results/test_references.json, re-keyed",computed here; the repository stores none per arm
whole bank,canonical,15,evaluated1170,0.3916,0.3659,0.417,1170,2597,14.988,98.176,results/widepools_fulltest/w*.json,"results/test_references.json, re-keyed",computed here; the repository stores none per arm
whole bank,canonical,20,evaluated1170,0.429,0.402,0.4556,1170,2597,19.984,98.176,results/widepools_fulltest/w*.json,"results/test_references.json, re-keyed",computed here; the repository stores none per arm
whole bank,canonical,30,evaluated1170,0.4678,0.4394,0.4961,1170,2597,29.971,98.176,results/widepools_fulltest/w*.json,"results/test_references.json, re-keyed",computed here; the repository stores none per arm
whole bank,canonical,50,evaluated1170,0.5152,0.485,0.5451,1170,2597,49.88,98.176,results/widepools_fulltest/w*.json,"results/test_references.json, re-keyed",computed here; the repository stores none per arm
trained budget,canonical,1,evaluated1170,0.0882,0.0777,0.0995,1170,2597,1.0,17.081,results/widepools_k30_fulltest/w*.json,"results/test_references.json, re-keyed",computed here; the repository stores none per arm
trained budget,canonical,3,evaluated1170,0.1879,0.1714,0.2054,1170,2597,2.996,17.081,results/widepools_k30_fulltest/w*.json,"results/test_references.json, re-keyed",computed here; the repository stores none per arm
trained budget,canonical,5,evaluated1170,0.2507,0.2309,0.2715,1170,2597,4.954,17.081,results/widepools_k30_fulltest/w*.json,"results/test_references.json, re-keyed",computed here; the repository stores none per arm
trained budget,canonical,8,evaluated1170,0.3073,0.2847,0.3312,1170,2597,7.67,17.081,results/widepools_k30_fulltest/w*.json,"results/test_references.json, re-keyed",computed here; the repository stores none per arm
trained budget,canonical,10,evaluated1170,0.3365,0.3124,0.3614,1170,2597,9.202,17.081,results/widepools_k30_fulltest/w*.json,"results/test_references.json, re-keyed",computed here; the repository stores none per arm
trained budget,canonical,15,evaluated1170,0.3697,0.3444,0.396,1170,2597,11.955,17.081,results/widepools_k30_fulltest/w*.json,"results/test_references.json, re-keyed",computed here; the repository stores none per arm
trained budget,canonical,20,evaluated1170,0.3816,0.3559,0.408,1170,2597,13.467,17.081,results/widepools_k30_fulltest/w*.json,"results/test_references.json, re-keyed",computed here; the repository stores none per arm
trained budget,canonical,30,evaluated1170,0.3881,0.3624,0.4147,1170,2597,14.934,17.081,results/widepools_k30_fulltest/w*.json,"results/test_references.json, re-keyed",computed here; the repository stores none per arm
trained budget,canonical,50,evaluated1170,0.3893,0.3633,0.4161,1170,2597,16.07,17.081,results/widepools_k30_fulltest/w*.json,"results/test_references.json, re-keyed",computed here; the repository stores none per arm
sygma,canonical,1,evaluated1170,0.1409,0.1278,0.1547,1170,2597,0.996,40.935,results/sygma_fulltest_predictions.json,"results/test_references.json, re-keyed",computed here; the repository stores none per arm
sygma,canonical,3,evaluated1170,0.2915,0.2715,0.3128,1170,2597,2.987,40.935,results/sygma_fulltest_predictions.json,"results/test_references.json, re-keyed",computed here; the repository stores none per arm
sygma,canonical,5,evaluated1170,0.3735,0.3512,0.3973,1170,2597,4.968,40.935,results/sygma_fulltest_predictions.json,"results/test_references.json, re-keyed",computed here; the repository stores none per arm
sygma,canonical,8,evaluated1170,0.4251,0.4019,0.4496,1170,2597,7.913,40.935,results/sygma_fulltest_predictions.json,"results/test_references.json, re-keyed",computed here; the repository stores none per arm
sygma,canonical,10,evaluated1170,0.4471,0.4237,0.4721,1170,2597,9.833,40.935,results/sygma_fulltest_predictions.json,"results/test_references.json, re-keyed",computed here; the repository stores none per arm
sygma,canonical,15,evaluated1170,0.4775,0.453,0.5036,1170,2597,14.534,40.935,results/sygma_fulltest_predictions.json,"results/test_references.json, re-keyed",computed here; the repository stores none per arm
sygma,canonical,20,evaluated1170,0.489,0.4643,0.5148,1170,2597,19.097,40.935,results/sygma_fulltest_predictions.json,"results/test_references.json, re-keyed",computed here; the repository stores none per arm
sygma,canonical,30,evaluated1170,0.4963,0.4718,0.5222,1170,2597,27.494,40.935,results/sygma_fulltest_predictions.json,"results/test_references.json, re-keyed",computed here; the repository stores none per arm
sygma,canonical,50,evaluated1170,0.4979,0.4734,0.5235,1170,2597,40.935,40.935,results/sygma_fulltest_predictions.json,"results/test_references.json, re-keyed",computed here; the repository stores none per arm
metapredictor,canonical,1,evaluated1170,0.1536,0.14,0.1676,1170,2597,0.997,11.033,artifacts/tier2_1170/metapredictor_preds.json,"results/test_references.json, re-keyed",computed here; the repository stores none per arm
metapredictor,canonical,3,evaluated1170,0.2919,0.2719,0.3124,1170,2597,2.989,11.033,artifacts/tier2_1170/metapredictor_preds.json,"results/test_references.json, re-keyed",computed here; the repository stores none per arm
metapredictor,canonical,5,evaluated1170,0.3662,0.3437,0.3892,1170,2597,4.974,11.033,artifacts/tier2_1170/metapredictor_preds.json,"results/test_references.json, re-keyed",computed here; the repository stores none per arm
metapredictor,canonical,8,evaluated1170,0.427,0.4026,0.4513,1170,2597,7.88,11.033,artifacts/tier2_1170/metapredictor_preds.json,"results/test_references.json, re-keyed",computed here; the repository stores none per arm
metapredictor,canonical,10,evaluated1170,0.4497,0.4257,0.4739,1170,2597,9.485,11.033,artifacts/tier2_1170/metapredictor_preds.json,"results/test_references.json, re-keyed",computed here; the repository stores none per arm
metapredictor,canonical,15,evaluated1170,0.4644,0.4405,0.4886,1170,2597,11.014,11.033,artifacts/tier2_1170/metapredictor_preds.json,"results/test_references.json, re-keyed",computed here; the repository stores none per arm
metapredictor,canonical,20,evaluated1170,0.4652,0.4412,0.4895,1170,2597,11.033,11.033,artifacts/tier2_1170/metapredictor_preds.json,"results/test_references.json, re-keyed",computed here; the repository stores none per arm
metapredictor,canonical,30,evaluated1170,0.4652,0.4412,0.4895,1170,2597,11.033,11.033,artifacts/tier2_1170/metapredictor_preds.json,"results/test_references.json, re-keyed",computed here; the repository stores none per arm
metapredictor,canonical,50,evaluated1170,0.4652,0.4412,0.4895,1170,2597,11.033,11.033,artifacts/tier2_1170/metapredictor_preds.json,"results/test_references.json, re-keyed",computed here; the repository stores none per arm
biotransformer,canonical,1,evaluated1170,0.052,0.044,0.0604,1170,2597,0.909,11.402,results/biotransformer_fulltest_preds.json,"results/test_references.json, re-keyed",computed here; the repository stores none per arm
biotransformer,canonical,3,evaluated1170,0.1328,0.1185,0.1472,1170,2597,2.686,11.402,results/biotransformer_fulltest_preds.json,"results/test_references.json, re-keyed",computed here; the repository stores none per arm
biotransformer,canonical,5,evaluated1170,0.1894,0.1724,0.2066,1170,2597,4.366,11.402,results/biotransformer_fulltest_preds.json,"results/test_references.json, re-keyed",computed here; the repository stores none per arm
biotransformer,canonical,8,evaluated1170,0.2476,0.2276,0.2679,1170,2597,6.585,11.402,results/biotransformer_fulltest_preds.json,"results/test_references.json, re-keyed",computed here; the repository stores none per arm
biotransformer,canonical,10,evaluated1170,0.2803,0.2587,0.3025,1170,2597,7.797,11.402,results/biotransformer_fulltest_preds.json,"results/test_references.json, re-keyed",computed here; the repository stores none per arm
biotransformer,canonical,15,evaluated1170,0.3338,0.3101,0.3572,1170,2597,9.856,11.402,results/biotransformer_fulltest_preds.json,"results/test_references.json, re-keyed",computed here; the repository stores none per arm
biotransformer,canonical,20,evaluated1170,0.355,0.3306,0.3792,1170,2597,10.759,11.402,results/biotransformer_fulltest_preds.json,"results/test_references.json, re-keyed",computed here; the repository stores none per arm
biotransformer,canonical,30,evaluated1170,0.3658,0.3404,0.391,1170,2597,11.24,11.402,results/biotransformer_fulltest_preds.json,"results/test_references.json, re-keyed",computed here; the repository stores none per arm
biotransformer,canonical,50,evaluated1170,0.3666,0.3411,0.3921,1170,2597,11.402,11.402,results/biotransformer_fulltest_preds.json,"results/test_references.json, re-keyed",computed here; the repository stores none per arm
gloryx,canonical,1,evaluated1170,0.0712,0.0624,0.0804,1170,2597,0.997,29.213,results/gloryx_service_preds_evaluated1170.json,"results/test_references.json, re-keyed",computed here; the repository stores none per arm
gloryx,canonical,3,evaluated1170,0.1883,0.1722,0.2049,1170,2597,2.99,29.213,results/gloryx_service_preds_evaluated1170.json,"results/test_references.json, re-keyed",computed here; the repository stores none per arm
gloryx,canonical,5,evaluated1170,0.2846,0.2653,0.3049,1170,2597,4.979,29.213,results/gloryx_service_preds_evaluated1170.json,"results/test_references.json, re-keyed",computed here; the repository stores none per arm
gloryx,canonical,8,evaluated1170,0.3858,0.3629,0.4093,1170,2597,7.929,29.213,results/gloryx_service_preds_evaluated1170.json,"results/test_references.json, re-keyed",computed here; the repository stores none per arm
gloryx,canonical,10,evaluated1170,0.4305,0.4068,0.4548,1170,2597,9.846,29.213,results/gloryx_service_preds_evaluated1170.json,"results/test_references.json, re-keyed",computed here; the repository stores none per arm
gloryx,canonical,15,evaluated1170,0.501,0.4763,0.5264,1170,2597,14.331,29.213,results/gloryx_service_preds_evaluated1170.json,"results/test_references.json, re-keyed",computed here; the repository stores none per arm
gloryx,canonical,20,evaluated1170,0.536,0.5104,0.5623,1170,2597,18.15,29.213,results/gloryx_service_preds_evaluated1170.json,"results/test_references.json, re-keyed",computed here; the repository stores none per arm
gloryx,canonical,30,evaluated1170,0.5649,0.5393,0.5912,1170,2597,24.009,29.213,results/gloryx_service_preds_evaluated1170.json,"results/test_references.json, re-keyed",computed here; the repository stores none per arm
gloryx,canonical,50,evaluated1170,0.5795,0.5536,0.6056,1170,2597,29.213,29.213,results/gloryx_service_preds_evaluated1170.json,"results/test_references.json, re-keyed",computed here; the repository stores none per arm
gloryxr_default,canonical,1,evaluated1170,0.0809,0.0712,0.0909,1170,2597,0.999,29.11,results/gloryxr_local_preds_default.json,"results/test_references.json, re-keyed",computed here; the repository stores none per arm
gloryxr_default,canonical,3,evaluated1170,0.2114,0.1944,0.229,1170,2597,2.997,29.11,results/gloryxr_local_preds_default.json,"results/test_references.json, re-keyed",computed here; the repository stores none per arm
gloryxr_default,canonical,5,evaluated1170,0.3057,0.285,0.3274,1170,2597,4.991,29.11,results/gloryxr_local_preds_default.json,"results/test_references.json, re-keyed",computed here; the repository stores none per arm
gloryxr_default,canonical,8,evaluated1170,0.3878,0.3643,0.4113,1170,2597,7.947,29.11,results/gloryxr_local_preds_default.json,"results/test_references.json, re-keyed",computed here; the repository stores none per arm
gloryxr_default,canonical,10,evaluated1170,0.4259,0.4023,0.4497,1170,2597,9.868,29.11,results/gloryxr_local_preds_default.json,"results/test_references.json, re-keyed",computed here; the repository stores none per arm
gloryxr_default,canonical,15,evaluated1170,0.4913,0.4675,0.5163,1170,2597,14.35,29.11,results/gloryxr_local_preds_default.json,"results/test_references.json, re-keyed",computed here; the repository stores none per arm
gloryxr_default,canonical,20,evaluated1170,0.5291,0.5042,0.5548,1170,2597,18.148,29.11,results/gloryxr_local_preds_default.json,"results/test_references.json, re-keyed",computed here; the repository stores none per arm
gloryxr_default,canonical,30,evaluated1170,0.5614,0.5362,0.5869,1170,2597,23.968,29.11,results/gloryxr_local_preds_default.json,"results/test_references.json, re-keyed",computed here; the repository stores none per arm
gloryxr_default,canonical,50,evaluated1170,0.5768,0.5512,0.6024,1170,2597,29.11,29.11,results/gloryxr_local_preds_default.json,"results/test_references.json, re-keyed",computed here; the repository stores none per arm
gloryxr_strict,canonical,1,evaluated1170,0.1074,0.0962,0.119,1170,2597,0.999,29.11,results/gloryxr_local_preds_strict.json,"results/test_references.json, re-keyed",computed here; the repository stores none per arm
gloryxr_strict,canonical,3,evaluated1170,0.2422,0.224,0.2613,1170,2597,2.997,29.11,results/gloryxr_local_preds_strict.json,"results/test_references.json, re-keyed",computed here; the repository stores none per arm
gloryxr_strict,canonical,5,evaluated1170,0.33,0.3084,0.3526,1170,2597,4.991,29.11,results/gloryxr_local_preds_strict.json,"results/test_references.json, re-keyed",computed here; the repository stores none per arm
gloryxr_strict,canonical,8,evaluated1170,0.402,0.3786,0.4265,1170,2597,7.947,29.11,results/gloryxr_local_preds_strict.json,"results/test_references.json, re-keyed",computed here; the repository stores none per arm
gloryxr_strict,canonical,10,evaluated1170,0.4413,0.418,0.4658,1170,2597,9.868,29.11,results/gloryxr_local_preds_strict.json,"results/test_references.json, re-keyed",computed here; the repository stores none per arm
gloryxr_strict,canonical,15,evaluated1170,0.4906,0.4663,0.5154,1170,2597,14.35,29.11,results/gloryxr_local_preds_strict.json,"results/test_references.json, re-keyed",computed here; the repository stores none per arm
gloryxr_strict,canonical,20,evaluated1170,0.5221,0.4972,0.5475,1170,2597,18.148,29.11,results/gloryxr_local_preds_strict.json,"results/test_references.json, re-keyed",computed here; the repository stores none per arm
gloryxr_strict,canonical,30,evaluated1170,0.5526,0.5272,0.5781,1170,2597,23.968,29.11,results/gloryxr_local_preds_strict.json,"results/test_references.json, re-keyed",computed here; the repository stores none per arm
gloryxr_strict,canonical,50,evaluated1170,0.5745,0.549,0.5998,1170,2597,29.11,29.11,results/gloryxr_local_preds_strict.json,"results/test_references.json, re-keyed",computed here; the repository stores none per arm
metatox,canonical,1,evaluated1170,0.035,0.0283,0.0423,1170,2597,1.0,33.262,results/metatox_smirks_preds_evaluated1170.json,"results/test_references.json, re-keyed",computed here; the repository stores none per arm
metatox,canonical,3,evaluated1170,0.1201,0.1068,0.1341,1170,2597,2.998,33.262,results/metatox_smirks_preds_evaluated1170.json,"results/test_references.json, re-keyed",computed here; the repository stores none per arm
metatox,canonical,5,evaluated1170,0.1906,0.1734,0.2083,1170,2597,4.995,33.262,results/metatox_smirks_preds_evaluated1170.json,"results/test_references.json, re-keyed",computed here; the repository stores none per arm
metatox,canonical,8,evaluated1170,0.2564,0.2357,0.2779,1170,2597,7.973,33.262,results/metatox_smirks_preds_evaluated1170.json,"results/test_references.json, re-keyed",computed here; the repository stores none per arm
metatox,canonical,10,evaluated1170,0.2984,0.2755,0.3217,1170,2597,9.932,33.262,results/metatox_smirks_preds_evaluated1170.json,"results/test_references.json, re-keyed",computed here; the repository stores none per arm
metatox,canonical,15,evaluated1170,0.3573,0.3314,0.3832,1170,2597,14.637,33.262,results/metatox_smirks_preds_evaluated1170.json,"results/test_references.json, re-keyed",computed here; the repository stores none per arm
metatox,canonical,20,evaluated1170,0.3897,0.3628,0.4162,1170,2597,18.902,33.262,results/metatox_smirks_preds_evaluated1170.json,"results/test_references.json, re-keyed",computed here; the repository stores none per arm
metatox,canonical,30,evaluated1170,0.4174,0.3897,0.4452,1170,2597,25.832,33.262,results/metatox_smirks_preds_evaluated1170.json,"results/test_references.json, re-keyed",computed here; the repository stores none per arm
metatox,canonical,50,evaluated1170,0.4494,0.4205,0.4777,1170,2597,33.262,33.262,results/metatox_smirks_preds_evaluated1170.json,"results/test_references.json, re-keyed",computed here; the repository stores none per arm
whole bank,inchikey,1,evaluated1170,0.107,0.0955,0.1194,1170,2597,1.0,97.939,results/widepools_fulltest/w*.json,"results/test_references.json, re-keyed",computed here; the repository stores none per arm
whole bank,inchikey,3,evaluated1170,0.2287,0.2111,0.2476,1170,2597,2.998,97.939,results/widepools_fulltest/w*.json,"results/test_references.json, re-keyed",computed here; the repository stores none per arm
whole bank,inchikey,5,evaluated1170,0.3054,0.2854,0.3268,1170,2597,4.997,97.939,results/widepools_fulltest/w*.json,"results/test_references.json, re-keyed",computed here; the repository stores none per arm
whole bank,inchikey,8,evaluated1170,0.3962,0.3739,0.4198,1170,2597,7.994,97.939,results/widepools_fulltest/w*.json,"results/test_references.json, re-keyed",computed here; the repository stores none per arm
whole bank,inchikey,10,evaluated1170,0.439,0.416,0.463,1170,2597,9.992,97.939,results/widepools_fulltest/w*.json,"results/test_references.json, re-keyed",computed here; the repository stores none per arm
whole bank,inchikey,15,evaluated1170,0.5295,0.505,0.5548,1170,2597,14.988,97.939,results/widepools_fulltest/w*.json,"results/test_references.json, re-keyed",computed here; the repository stores none per arm
whole bank,inchikey,20,evaluated1170,0.5834,0.5585,0.6092,1170,2597,19.984,97.939,results/widepools_fulltest/w*.json,"results/test_references.json, re-keyed",computed here; the repository stores none per arm
whole bank,inchikey,30,evaluated1170,0.6484,0.6233,0.6747,1170,2597,29.971,97.939,results/widepools_fulltest/w*.json,"results/test_references.json, re-keyed",computed here; the repository stores none per arm
whole bank,inchikey,50,evaluated1170,0.7174,0.6925,0.743,1170,2597,49.88,97.939,results/widepools_fulltest/w*.json,"results/test_references.json, re-keyed",computed here; the repository stores none per arm
trained budget,inchikey,1,evaluated1170,0.1167,0.1046,0.1294,1170,2597,1.0,17.068,results/widepools_k30_fulltest/w*.json,"results/test_references.json, re-keyed",computed here; the repository stores none per arm
trained budget,inchikey,3,evaluated1170,0.2472,0.2294,0.2668,1170,2597,2.996,17.068,results/widepools_k30_fulltest/w*.json,"results/test_references.json, re-keyed",computed here; the repository stores none per arm
trained budget,inchikey,5,evaluated1170,0.3285,0.3081,0.3508,1170,2597,4.954,17.068,results/widepools_k30_fulltest/w*.json,"results/test_references.json, re-keyed",computed here; the repository stores none per arm
trained budget,inchikey,8,evaluated1170,0.4024,0.3798,0.4269,1170,2597,7.669,17.068,results/widepools_k30_fulltest/w*.json,"results/test_references.json, re-keyed",computed here; the repository stores none per arm
trained budget,inchikey,10,evaluated1170,0.4394,0.4158,0.4646,1170,2597,9.2,17.068,results/widepools_k30_fulltest/w*.json,"results/test_references.json, re-keyed",computed here; the repository stores none per arm
trained budget,inchikey,15,evaluated1170,0.4875,0.4624,0.5139,1170,2597,11.949,17.068,results/widepools_k30_fulltest/w*.json,"results/test_references.json, re-keyed",computed here; the repository stores none per arm
trained budget,inchikey,20,evaluated1170,0.5052,0.4804,0.5315,1170,2597,13.458,17.068,results/widepools_k30_fulltest/w*.json,"results/test_references.json, re-keyed",computed here; the repository stores none per arm
trained budget,inchikey,30,evaluated1170,0.5144,0.4893,0.541,1170,2597,14.923,17.068,results/widepools_k30_fulltest/w*.json,"results/test_references.json, re-keyed",computed here; the repository stores none per arm
trained budget,inchikey,50,evaluated1170,0.5156,0.4903,0.5424,1170,2597,16.058,17.068,results/widepools_k30_fulltest/w*.json,"results/test_references.json, re-keyed",computed here; the repository stores none per arm
sygma,inchikey,1,evaluated1170,0.1506,0.1371,0.1644,1170,2597,0.996,40.935,results/sygma_fulltest_predictions.json,"results/test_references.json, re-keyed",computed here; the repository stores none per arm
sygma,inchikey,3,evaluated1170,0.3092,0.2891,0.3304,1170,2597,2.987,40.935,results/sygma_fulltest_predictions.json,"results/test_references.json, re-keyed",computed here; the repository stores none per arm
sygma,inchikey,5,evaluated1170,0.3935,0.3709,0.4173,1170,2597,4.968,40.935,results/sygma_fulltest_predictions.json,"results/test_references.json, re-keyed",computed here; the repository stores none per arm
sygma,inchikey,8,evaluated1170,0.4486,0.4252,0.4731,1170,2597,7.913,40.935,results/sygma_fulltest_predictions.json,"results/test_references.json, re-keyed",computed here; the repository stores none per arm
sygma,inchikey,10,evaluated1170,0.4721,0.4486,0.4969,1170,2597,9.833,40.935,results/sygma_fulltest_predictions.json,"results/test_references.json, re-keyed",computed here; the repository stores none per arm
sygma,inchikey,15,evaluated1170,0.5033,0.4786,0.5288,1170,2597,14.534,40.935,results/sygma_fulltest_predictions.json,"results/test_references.json, re-keyed",computed here; the repository stores none per arm
sygma,inchikey,20,evaluated1170,0.516,0.4911,0.5415,1170,2597,19.097,40.935,results/sygma_fulltest_predictions.json,"results/test_references.json, re-keyed",computed here; the repository stores none per arm
sygma,inchikey,30,evaluated1170,0.5233,0.4987,0.5486,1170,2597,27.494,40.935,results/sygma_fulltest_predictions.json,"results/test_references.json, re-keyed",computed here; the repository stores none per arm
sygma,inchikey,50,evaluated1170,0.5248,0.5002,0.5501,1170,2597,40.935,40.935,results/sygma_fulltest_predictions.json,"results/test_references.json, re-keyed",computed here; the repository stores none per arm
metapredictor,inchikey,1,evaluated1170,0.1548,0.141,0.169,1170,2597,0.997,13.279,artifacts/tier2_1170/metapredictor_preds.json,"results/test_references.json, re-keyed",computed here; the repository stores none per arm
metapredictor,inchikey,3,evaluated1170,0.2792,0.2597,0.2996,1170,2597,2.989,13.279,artifacts/tier2_1170/metapredictor_preds.json,"results/test_references.json, re-keyed",computed here; the repository stores none per arm
metapredictor,inchikey,5,evaluated1170,0.3539,0.3326,0.3763,1170,2597,4.975,13.279,artifacts/tier2_1170/metapredictor_preds.json,"results/test_references.json, re-keyed",computed here; the repository stores none per arm
metapredictor,inchikey,8,evaluated1170,0.4201,0.3967,0.4446,1170,2597,7.927,13.279,artifacts/tier2_1170/metapredictor_preds.json,"results/test_references.json, re-keyed",computed here; the repository stores none per arm
metapredictor,inchikey,10,evaluated1170,0.4478,0.4239,0.4722,1170,2597,9.817,13.279,artifacts/tier2_1170/metapredictor_preds.json,"results/test_references.json, re-keyed",computed here; the repository stores none per arm
metapredictor,inchikey,15,evaluated1170,0.4817,0.4574,0.5069,1170,2597,13.116,13.279,artifacts/tier2_1170/metapredictor_preds.json,"results/test_references.json, re-keyed",computed here; the repository stores none per arm
metapredictor,inchikey,20,evaluated1170,0.4825,0.4581,0.5075,1170,2597,13.279,13.279,artifacts/tier2_1170/metapredictor_preds.json,"results/test_references.json, re-keyed",computed here; the repository stores none per arm
metapredictor,inchikey,30,evaluated1170,0.4825,0.4581,0.5075,1170,2597,13.279,13.279,artifacts/tier2_1170/metapredictor_preds.json,"results/test_references.json, re-keyed",computed here; the repository stores none per arm
metapredictor,inchikey,50,evaluated1170,0.4825,0.4581,0.5075,1170,2597,13.279,13.279,artifacts/tier2_1170/metapredictor_preds.json,"results/test_references.json, re-keyed",computed here; the repository stores none per arm
biotransformer,inchikey,1,evaluated1170,0.0635,0.0545,0.0729,1170,2597,0.909,11.402,results/biotransformer_fulltest_preds.json,"results/test_references.json, re-keyed",computed here; the repository stores none per arm
biotransformer,inchikey,3,evaluated1170,0.1602,0.1451,0.1755,1170,2597,2.686,11.402,results/biotransformer_fulltest_preds.json,"results/test_references.json, re-keyed",computed here; the repository stores none per arm
biotransformer,inchikey,5,evaluated1170,0.2264,0.2085,0.2446,1170,2597,4.366,11.402,results/biotransformer_fulltest_preds.json,"results/test_references.json, re-keyed",computed here; the repository stores none per arm
biotransformer,inchikey,8,evaluated1170,0.298,0.2775,0.3192,1170,2597,6.585,11.402,results/biotransformer_fulltest_preds.json,"results/test_references.json, re-keyed",computed here; the repository stores none per arm
biotransformer,inchikey,10,evaluated1170,0.3396,0.3182,0.3616,1170,2597,7.797,11.402,results/biotransformer_fulltest_preds.json,"results/test_references.json, re-keyed",computed here; the repository stores none per arm
biotransformer,inchikey,15,evaluated1170,0.4059,0.3829,0.4288,1170,2597,9.856,11.402,results/biotransformer_fulltest_preds.json,"results/test_references.json, re-keyed",computed here; the repository stores none per arm
biotransformer,inchikey,20,evaluated1170,0.4332,0.4093,0.4569,1170,2597,10.759,11.402,results/biotransformer_fulltest_preds.json,"results/test_references.json, re-keyed",computed here; the repository stores none per arm
biotransformer,inchikey,30,evaluated1170,0.4447,0.4203,0.4691,1170,2597,11.24,11.402,results/biotransformer_fulltest_preds.json,"results/test_references.json, re-keyed",computed here; the repository stores none per arm
biotransformer,inchikey,50,evaluated1170,0.4459,0.4213,0.4706,1170,2597,11.402,11.402,results/biotransformer_fulltest_preds.json,"results/test_references.json, re-keyed",computed here; the repository stores none per arm
gloryx,inchikey,1,evaluated1170,0.082,0.0727,0.0918,1170,2597,0.997,29.213,results/gloryx_service_preds_evaluated1170.json,"results/test_references.json, re-keyed",computed here; the repository stores none per arm
gloryx,inchikey,3,evaluated1170,0.2029,0.1867,0.2198,1170,2597,2.99,29.213,results/gloryx_service_preds_evaluated1170.json,"results/test_references.json, re-keyed",computed here; the repository stores none per arm
gloryx,inchikey,5,evaluated1170,0.3019,0.2821,0.3225,1170,2597,4.979,29.213,results/gloryx_service_preds_evaluated1170.json,"results/test_references.json, re-keyed",computed here; the repository stores none per arm
gloryx,inchikey,8,evaluated1170,0.4062,0.3822,0.4305,1170,2597,7.929,29.213,results/gloryx_service_preds_evaluated1170.json,"results/test_references.json, re-keyed",computed here; the repository stores none per arm
gloryx,inchikey,10,evaluated1170,0.4524,0.4274,0.4778,1170,2597,9.846,29.213,results/gloryx_service_preds_evaluated1170.json,"results/test_references.json, re-keyed",computed here; the repository stores none per arm
gloryx,inchikey,15,evaluated1170,0.5252,0.4994,0.5515,1170,2597,14.331,29.213,results/gloryx_service_preds_evaluated1170.json,"results/test_references.json, re-keyed",computed here; the repository stores none per arm
gloryx,inchikey,20,evaluated1170,0.561,0.5339,0.5886,1170,2597,18.15,29.213,results/gloryx_service_preds_evaluated1170.json,"results/test_references.json, re-keyed",computed here; the repository stores none per arm
gloryx,inchikey,30,evaluated1170,0.5899,0.5625,0.6174,1170,2597,24.009,29.213,results/gloryx_service_preds_evaluated1170.json,"results/test_references.json, re-keyed",computed here; the repository stores none per arm
gloryx,inchikey,50,evaluated1170,0.6018,0.5739,0.6296,1170,2597,29.213,29.213,results/gloryx_service_preds_evaluated1170.json,"results/test_references.json, re-keyed",computed here; the repository stores none per arm
gloryxr_default,inchikey,1,evaluated1170,0.0913,0.0812,0.1019,1170,2597,0.999,29.077,results/gloryxr_local_preds_default.json,"results/test_references.json, re-keyed",computed here; the repository stores none per arm
gloryxr_default,inchikey,3,evaluated1170,0.2264,0.2088,0.2444,1170,2597,2.997,29.077,results/gloryxr_local_preds_default.json,"results/test_references.json, re-keyed",computed here; the repository stores none per arm
gloryxr_default,inchikey,5,evaluated1170,0.3261,0.3051,0.3484,1170,2597,4.991,29.077,results/gloryxr_local_preds_default.json,"results/test_references.json, re-keyed",computed here; the repository stores none per arm
gloryxr_default,inchikey,8,evaluated1170,0.4116,0.3876,0.436,1170,2597,7.947,29.077,results/gloryxr_local_preds_default.json,"results/test_references.json, re-keyed",computed here; the repository stores none per arm
gloryxr_default,inchikey,10,evaluated1170,0.4521,0.4277,0.4767,1170,2597,9.867,29.077,results/gloryxr_local_preds_default.json,"results/test_references.json, re-keyed",computed here; the repository stores none per arm
gloryxr_default,inchikey,15,evaluated1170,0.5194,0.4947,0.5449,1170,2597,14.343,29.077,results/gloryxr_local_preds_default.json,"results/test_references.json, re-keyed",computed here; the repository stores none per arm
gloryxr_default,inchikey,20,evaluated1170,0.5587,0.5337,0.5847,1170,2597,18.134,29.077,results/gloryxr_local_preds_default.json,"results/test_references.json, re-keyed",computed here; the repository stores none per arm
gloryxr_default,inchikey,30,evaluated1170,0.5922,0.567,0.6178,1170,2597,23.944,29.077,results/gloryxr_local_preds_default.json,"results/test_references.json, re-keyed",computed here; the repository stores none per arm
gloryxr_default,inchikey,50,evaluated1170,0.6092,0.5834,0.6352,1170,2597,29.077,29.077,results/gloryxr_local_preds_default.json,"results/test_references.json, re-keyed",computed here; the repository stores none per arm
gloryxr_strict,inchikey,1,evaluated1170,0.1178,0.1063,0.13,1170,2597,0.999,29.077,results/gloryxr_local_preds_strict.json,"results/test_references.json, re-keyed",computed here; the repository stores none per arm
gloryxr_strict,inchikey,3,evaluated1170,0.2595,0.2411,0.2793,1170,2597,2.997,29.077,results/gloryxr_local_preds_strict.json,"results/test_references.json, re-keyed",computed here; the repository stores none per arm
gloryxr_strict,inchikey,5,evaluated1170,0.3508,0.3284,0.374,1170,2597,4.991,29.077,results/gloryxr_local_preds_strict.json,"results/test_references.json, re-keyed",computed here; the repository stores none per arm
gloryxr_strict,inchikey,8,evaluated1170,0.427,0.4029,0.4518,1170,2597,7.947,29.077,results/gloryxr_local_preds_strict.json,"results/test_references.json, re-keyed",computed here; the repository stores none per arm
gloryxr_strict,inchikey,10,evaluated1170,0.4686,0.4446,0.4936,1170,2597,9.867,29.077,results/gloryxr_local_preds_strict.json,"results/test_references.json, re-keyed",computed here; the repository stores none per arm
gloryxr_strict,inchikey,15,evaluated1170,0.5191,0.4945,0.5442,1170,2597,14.343,29.077,results/gloryxr_local_preds_strict.json,"results/test_references.json, re-keyed",computed here; the repository stores none per arm
gloryxr_strict,inchikey,20,evaluated1170,0.5518,0.5263,0.5773,1170,2597,18.134,29.077,results/gloryxr_local_preds_strict.json,"results/test_references.json, re-keyed",computed here; the repository stores none per arm
gloryxr_strict,inchikey,30,evaluated1170,0.5834,0.558,0.6094,1170,2597,23.944,29.077,results/gloryxr_local_preds_strict.json,"results/test_references.json, re-keyed",computed here; the repository stores none per arm
gloryxr_strict,inchikey,50,evaluated1170,0.6069,0.581,0.633,1170,2597,29.077,29.077,results/gloryxr_local_preds_strict.json,"results/test_references.json, re-keyed",computed here; the repository stores none per arm
metatox,inchikey,1,evaluated1170,0.0397,0.0325,0.0473,1170,2597,1.0,33.14,results/metatox_smirks_preds_evaluated1170.json,"results/test_references.json, re-keyed",computed here; the repository stores none per arm
metatox,inchikey,3,evaluated1170,0.1448,0.1308,0.1594,1170,2597,2.998,33.14,results/metatox_smirks_preds_evaluated1170.json,"results/test_references.json, re-keyed",computed here; the repository stores none per arm
metatox,inchikey,5,evaluated1170,0.2322,0.2146,0.2506,1170,2597,4.995,33.14,results/metatox_smirks_preds_evaluated1170.json,"results/test_references.json, re-keyed",computed here; the repository stores none per arm
metatox,inchikey,8,evaluated1170,0.3192,0.2983,0.3417,1170,2597,7.973,33.14,results/metatox_smirks_preds_evaluated1170.json,"results/test_references.json, re-keyed",computed here; the repository stores none per arm
metatox,inchikey,10,evaluated1170,0.3785,0.3557,0.402,1170,2597,9.929,33.14,results/metatox_smirks_preds_evaluated1170.json,"results/test_references.json, re-keyed",computed here; the repository stores none per arm
metatox,inchikey,15,evaluated1170,0.4717,0.4475,0.4967,1170,2597,14.628,33.14,results/metatox_smirks_preds_evaluated1170.json,"results/test_references.json, re-keyed",computed here; the repository stores none per arm
metatox,inchikey,20,evaluated1170,0.5187,0.4932,0.5443,1170,2597,18.894,33.14,results/metatox_smirks_preds_evaluated1170.json,"results/test_references.json, re-keyed",computed here; the repository stores none per arm
metatox,inchikey,30,evaluated1170,0.5645,0.5388,0.5902,1170,2597,25.799,33.14,results/metatox_smirks_preds_evaluated1170.json,"results/test_references.json, re-keyed",computed here; the repository stores none per arm
metatox,inchikey,50,evaluated1170,0.6061,0.5804,0.6321,1170,2597,33.14,33.14,results/metatox_smirks_preds_evaluated1170.json,"results/test_references.json, re-keyed",computed here; the repository stores none per arm
whole bank,inchi_no_stereo,1,evaluated1170,0.1071,0.0956,0.1194,1170,2596,1.0,97.85,results/widepools_fulltest/w*.json,"results/test_references.json, re-keyed",computed here; the repository stores none per arm
whole bank,inchi_no_stereo,3,evaluated1170,0.2288,0.2112,0.2477,1170,2596,2.998,97.85,results/widepools_fulltest/w*.json,"results/test_references.json, re-keyed",computed here; the repository stores none per arm
whole bank,inchi_no_stereo,5,evaluated1170,0.3062,0.2863,0.3275,1170,2596,4.997,97.85,results/widepools_fulltest/w*.json,"results/test_references.json, re-keyed",computed here; the repository stores none per arm
whole bank,inchi_no_stereo,8,evaluated1170,0.3975,0.3751,0.4212,1170,2596,7.994,97.85,results/widepools_fulltest/w*.json,"results/test_references.json, re-keyed",computed here; the repository stores none per arm
whole bank,inchi_no_stereo,10,evaluated1170,0.4403,0.4173,0.4645,1170,2596,9.992,97.85,results/widepools_fulltest/w*.json,"results/test_references.json, re-keyed",computed here; the repository stores none per arm
whole bank,inchi_no_stereo,15,evaluated1170,0.5308,0.5063,0.5561,1170,2596,14.988,97.85,results/widepools_fulltest/w*.json,"results/test_references.json, re-keyed",computed here; the repository stores none per arm
whole bank,inchi_no_stereo,20,evaluated1170,0.5847,0.5597,0.6107,1170,2596,19.984,97.85,results/widepools_fulltest/w*.json,"results/test_references.json, re-keyed",computed here; the repository stores none per arm
whole bank,inchi_no_stereo,30,evaluated1170,0.6506,0.6256,0.6771,1170,2596,29.971,97.85,results/widepools_fulltest/w*.json,"results/test_references.json, re-keyed",computed here; the repository stores none per arm
whole bank,inchi_no_stereo,50,evaluated1170,0.72,0.6952,0.7454,1170,2596,49.877,97.85,results/widepools_fulltest/w*.json,"results/test_references.json, re-keyed",computed here; the repository stores none per arm
trained budget,inchi_no_stereo,1,evaluated1170,0.1167,0.1047,0.1294,1170,2596,1.0,17.068,results/widepools_k30_fulltest/w*.json,"results/test_references.json, re-keyed",computed here; the repository stores none per arm
trained budget,inchi_no_stereo,3,evaluated1170,0.2473,0.2294,0.267,1170,2596,2.996,17.068,results/widepools_k30_fulltest/w*.json,"results/test_references.json, re-keyed",computed here; the repository stores none per arm
trained budget,inchi_no_stereo,5,evaluated1170,0.3286,0.3082,0.351,1170,2596,4.954,17.068,results/widepools_k30_fulltest/w*.json,"results/test_references.json, re-keyed",computed here; the repository stores none per arm
trained budget,inchi_no_stereo,8,evaluated1170,0.4025,0.3799,0.4271,1170,2596,7.669,17.068,results/widepools_k30_fulltest/w*.json,"results/test_references.json, re-keyed",computed here; the repository stores none per arm
trained budget,inchi_no_stereo,10,evaluated1170,0.4395,0.4159,0.4649,1170,2596,9.2,17.068,results/widepools_k30_fulltest/w*.json,"results/test_references.json, re-keyed",computed here; the repository stores none per arm
trained budget,inchi_no_stereo,15,evaluated1170,0.4877,0.4626,0.5141,1170,2596,11.949,17.068,results/widepools_k30_fulltest/w*.json,"results/test_references.json, re-keyed",computed here; the repository stores none per arm
trained budget,inchi_no_stereo,20,evaluated1170,0.5054,0.4806,0.5318,1170,2596,13.458,17.068,results/widepools_k30_fulltest/w*.json,"results/test_references.json, re-keyed",computed here; the repository stores none per arm
trained budget,inchi_no_stereo,30,evaluated1170,0.5146,0.4894,0.5413,1170,2596,14.923,17.068,results/widepools_k30_fulltest/w*.json,"results/test_references.json, re-keyed",computed here; the repository stores none per arm
trained budget,inchi_no_stereo,50,evaluated1170,0.5158,0.4904,0.5426,1170,2596,16.058,17.068,results/widepools_k30_fulltest/w*.json,"results/test_references.json, re-keyed",computed here; the repository stores none per arm
sygma,inchi_no_stereo,1,evaluated1170,0.1506,0.1371,0.1645,1170,2596,0.996,40.935,results/sygma_fulltest_predictions.json,"results/test_references.json, re-keyed",computed here; the repository stores none per arm
sygma,inchi_no_stereo,3,evaluated1170,0.3093,0.2892,0.3306,1170,2596,2.987,40.935,results/sygma_fulltest_predictions.json,"results/test_references.json, re-keyed",computed here; the repository stores none per arm
sygma,inchi_no_stereo,5,evaluated1170,0.3945,0.3717,0.4181,1170,2596,4.968,40.935,results/sygma_fulltest_predictions.json,"results/test_references.json, re-keyed",computed here; the repository stores none per arm
sygma,inchi_no_stereo,8,evaluated1170,0.4503,0.4267,0.4751,1170,2596,7.913,40.935,results/sygma_fulltest_predictions.json,"results/test_references.json, re-keyed",computed here; the repository stores none per arm
sygma,inchi_no_stereo,10,evaluated1170,0.4742,0.4505,0.499,1170,2596,9.833,40.935,results/sygma_fulltest_predictions.json,"results/test_references.json, re-keyed",computed here; the repository stores none per arm
sygma,inchi_no_stereo,15,evaluated1170,0.5077,0.483,0.5334,1170,2596,14.534,40.935,results/sygma_fulltest_predictions.json,"results/test_references.json, re-keyed",computed here; the repository stores none per arm
sygma,inchi_no_stereo,20,evaluated1170,0.5216,0.4966,0.5473,1170,2596,19.097,40.935,results/sygma_fulltest_predictions.json,"results/test_references.json, re-keyed",computed here; the repository stores none per arm
sygma,inchi_no_stereo,30,evaluated1170,0.5289,0.5042,0.5543,1170,2596,27.494,40.935,results/sygma_fulltest_predictions.json,"results/test_references.json, re-keyed",computed here; the repository stores none per arm
sygma,inchi_no_stereo,50,evaluated1170,0.5304,0.5056,0.5556,1170,2596,40.935,40.935,results/sygma_fulltest_predictions.json,"results/test_references.json, re-keyed",computed here; the repository stores none per arm
metapredictor,inchi_no_stereo,1,evaluated1170,0.1606,0.1468,0.1749,1170,2596,0.997,10.643,artifacts/tier2_1170/metapredictor_preds.json,"results/test_references.json, re-keyed",computed here; the repository stores none per arm
metapredictor,inchi_no_stereo,3,evaluated1170,0.3082,0.2876,0.3295,1170,2596,2.989,10.643,artifacts/tier2_1170/metapredictor_preds.json,"results/test_references.json, re-keyed",computed here; the repository stores none per arm
metapredictor,inchi_no_stereo,5,evaluated1170,0.3883,0.3653,0.4119,1170,2596,4.974,10.643,artifacts/tier2_1170/metapredictor_preds.json,"results/test_references.json, re-keyed",computed here; the repository stores none per arm
metapredictor,inchi_no_stereo,8,evaluated1170,0.4542,0.4297,0.479,1170,2596,7.841,10.643,artifacts/tier2_1170/metapredictor_preds.json,"results/test_references.json, re-keyed",computed here; the repository stores none per arm
metapredictor,inchi_no_stereo,10,evaluated1170,0.4761,0.4522,0.5006,1170,2596,9.354,10.643,artifacts/tier2_1170/metapredictor_preds.json,"results/test_references.json, re-keyed",computed here; the repository stores none per arm
metapredictor,inchi_no_stereo,15,evaluated1170,0.4896,0.4657,0.5146,1170,2596,10.632,10.643,artifacts/tier2_1170/metapredictor_preds.json,"results/test_references.json, re-keyed",computed here; the repository stores none per arm
metapredictor,inchi_no_stereo,20,evaluated1170,0.49,0.4661,0.5149,1170,2596,10.643,10.643,artifacts/tier2_1170/metapredictor_preds.json,"results/test_references.json, re-keyed",computed here; the repository stores none per arm
metapredictor,inchi_no_stereo,30,evaluated1170,0.49,0.4661,0.5149,1170,2596,10.643,10.643,artifacts/tier2_1170/metapredictor_preds.json,"results/test_references.json, re-keyed",computed here; the repository stores none per arm
metapredictor,inchi_no_stereo,50,evaluated1170,0.49,0.4661,0.5149,1170,2596,10.643,10.643,artifacts/tier2_1170/metapredictor_preds.json,"results/test_references.json, re-keyed",computed here; the repository stores none per arm
biotransformer,inchi_no_stereo,1,evaluated1170,0.0636,0.0546,0.0729,1170,2596,0.909,11.399,results/biotransformer_fulltest_preds.json,"results/test_references.json, re-keyed",computed here; the repository stores none per arm
biotransformer,inchi_no_stereo,3,evaluated1170,0.1602,0.1453,0.1756,1170,2596,2.686,11.399,results/biotransformer_fulltest_preds.json,"results/test_references.json, re-keyed",computed here; the repository stores none per arm
biotransformer,inchi_no_stereo,5,evaluated1170,0.2265,0.2086,0.2447,1170,2596,4.366,11.399,results/biotransformer_fulltest_preds.json,"results/test_references.json, re-keyed",computed here; the repository stores none per arm
biotransformer,inchi_no_stereo,8,evaluated1170,0.2993,0.2788,0.3204,1170,2596,6.583,11.399,results/biotransformer_fulltest_preds.json,"results/test_references.json, re-keyed",computed here; the repository stores none per arm
biotransformer,inchi_no_stereo,10,evaluated1170,0.3417,0.3204,0.3635,1170,2596,7.795,11.399,results/biotransformer_fulltest_preds.json,"results/test_references.json, re-keyed",computed here; the repository stores none per arm
biotransformer,inchi_no_stereo,15,evaluated1170,0.4091,0.3863,0.432,1170,2596,9.854,11.399,results/biotransformer_fulltest_preds.json,"results/test_references.json, re-keyed",computed here; the repository stores none per arm
biotransformer,inchi_no_stereo,20,evaluated1170,0.4376,0.4138,0.4609,1170,2596,10.756,11.399,results/biotransformer_fulltest_preds.json,"results/test_references.json, re-keyed",computed here; the repository stores none per arm
biotransformer,inchi_no_stereo,30,evaluated1170,0.4499,0.4254,0.4741,1170,2596,11.238,11.399,results/biotransformer_fulltest_preds.json,"results/test_references.json, re-keyed",computed here; the repository stores none per arm
biotransformer,inchi_no_stereo,50,evaluated1170,0.4511,0.4264,0.4755,1170,2596,11.399,11.399,results/biotransformer_fulltest_preds.json,"results/test_references.json, re-keyed",computed here; the repository stores none per arm
gloryx,inchi_no_stereo,1,evaluated1170,0.0836,0.0743,0.0934,1170,2596,0.997,29.025,results/gloryx_service_preds_evaluated1170.json,"results/test_references.json, re-keyed",computed here; the repository stores none per arm
gloryx,inchi_no_stereo,3,evaluated1170,0.2069,0.1906,0.2237,1170,2596,2.99,29.025,results/gloryx_service_preds_evaluated1170.json,"results/test_references.json, re-keyed",computed here; the repository stores none per arm
gloryx,inchi_no_stereo,5,evaluated1170,0.3074,0.2879,0.3282,1170,2596,4.979,29.025,results/gloryx_service_preds_evaluated1170.json,"results/test_references.json, re-keyed",computed here; the repository stores none per arm
gloryx,inchi_no_stereo,8,evaluated1170,0.4149,0.3916,0.4385,1170,2596,7.929,29.025,results/gloryx_service_preds_evaluated1170.json,"results/test_references.json, re-keyed",computed here; the repository stores none per arm
gloryx,inchi_no_stereo,10,evaluated1170,0.4626,0.4387,0.4873,1170,2596,9.845,29.025,results/gloryx_service_preds_evaluated1170.json,"results/test_references.json, re-keyed",computed here; the repository stores none per arm
gloryx,inchi_no_stereo,15,evaluated1170,0.5378,0.5131,0.5631,1170,2596,14.323,29.025,results/gloryx_service_preds_evaluated1170.json,"results/test_references.json, re-keyed",computed here; the repository stores none per arm
gloryx,inchi_no_stereo,20,evaluated1170,0.5759,0.5503,0.6023,1170,2596,18.129,29.025,results/gloryx_service_preds_evaluated1170.json,"results/test_references.json, re-keyed",computed here; the repository stores none per arm
gloryx,inchi_no_stereo,30,evaluated1170,0.6071,0.5812,0.6331,1170,2596,23.926,29.025,results/gloryx_service_preds_evaluated1170.json,"results/test_references.json, re-keyed",computed here; the repository stores none per arm
gloryx,inchi_no_stereo,50,evaluated1170,0.6233,0.5971,0.6493,1170,2596,29.025,29.025,results/gloryx_service_preds_evaluated1170.json,"results/test_references.json, re-keyed",computed here; the repository stores none per arm
gloryxr_default,inchi_no_stereo,1,evaluated1170,0.0932,0.083,0.104,1170,2596,0.999,28.885,results/gloryxr_local_preds_default.json,"results/test_references.json, re-keyed",computed here; the repository stores none per arm
gloryxr_default,inchi_no_stereo,3,evaluated1170,0.2292,0.2115,0.2472,1170,2596,2.997,28.885,results/gloryxr_local_preds_default.json,"results/test_references.json, re-keyed",computed here; the repository stores none per arm
gloryxr_default,inchi_no_stereo,5,evaluated1170,0.329,0.3079,0.3515,1170,2596,4.991,28.885,results/gloryxr_local_preds_default.json,"results/test_references.json, re-keyed",computed here; the repository stores none per arm
gloryxr_default,inchi_no_stereo,8,evaluated1170,0.4156,0.3918,0.4401,1170,2596,7.947,28.885,results/gloryxr_local_preds_default.json,"results/test_references.json, re-keyed",computed here; the repository stores none per arm
gloryxr_default,inchi_no_stereo,10,evaluated1170,0.4565,0.4319,0.4812,1170,2596,9.866,28.885,results/gloryxr_local_preds_default.json,"results/test_references.json, re-keyed",computed here; the repository stores none per arm
gloryxr_default,inchi_no_stereo,15,evaluated1170,0.5239,0.4991,0.549,1170,2596,14.334,28.885,results/gloryxr_local_preds_default.json,"results/test_references.json, re-keyed",computed here; the repository stores none per arm
gloryxr_default,inchi_no_stereo,20,evaluated1170,0.5647,0.5395,0.5908,1170,2596,18.111,28.885,results/gloryxr_local_preds_default.json,"results/test_references.json, re-keyed",computed here; the repository stores none per arm
gloryxr_default,inchi_no_stereo,30,evaluated1170,0.5982,0.5729,0.6238,1170,2596,23.859,28.885,results/gloryxr_local_preds_default.json,"results/test_references.json, re-keyed",computed here; the repository stores none per arm
gloryxr_default,inchi_no_stereo,50,evaluated1170,0.6148,0.589,0.6408,1170,2596,28.885,28.885,results/gloryxr_local_preds_default.json,"results/test_references.json, re-keyed",computed here; the repository stores none per arm
gloryxr_strict,inchi_no_stereo,1,evaluated1170,0.1198,0.1081,0.132,1170,2596,0.999,28.885,results/gloryxr_local_preds_strict.json,"results/test_references.json, re-keyed",computed here; the repository stores none per arm
gloryxr_strict,inchi_no_stereo,3,evaluated1170,0.2627,0.2443,0.2825,1170,2596,2.997,28.885,results/gloryxr_local_preds_strict.json,"results/test_references.json, re-keyed",computed here; the repository stores none per arm
gloryxr_strict,inchi_no_stereo,5,evaluated1170,0.354,0.3315,0.3774,1170,2596,4.991,28.885,results/gloryxr_local_preds_strict.json,"results/test_references.json, re-keyed",computed here; the repository stores none per arm
gloryxr_strict,inchi_no_stereo,8,evaluated1170,0.431,0.407,0.456,1170,2596,7.947,28.885,results/gloryxr_local_preds_strict.json,"results/test_references.json, re-keyed",computed here; the repository stores none per arm
gloryxr_strict,inchi_no_stereo,10,evaluated1170,0.473,0.4491,0.498,1170,2596,9.866,28.885,results/gloryxr_local_preds_strict.json,"results/test_references.json, re-keyed",computed here; the repository stores none per arm
gloryxr_strict,inchi_no_stereo,15,evaluated1170,0.525,0.5004,0.5506,1170,2596,14.334,28.885,results/gloryxr_local_preds_strict.json,"results/test_references.json, re-keyed",computed here; the repository stores none per arm
gloryxr_strict,inchi_no_stereo,20,evaluated1170,0.5574,0.532,0.583,1170,2596,18.111,28.885,results/gloryxr_local_preds_strict.json,"results/test_references.json, re-keyed",computed here; the repository stores none per arm
gloryxr_strict,inchi_no_stereo,30,evaluated1170,0.589,0.5634,0.6148,1170,2596,23.859,28.885,results/gloryxr_local_preds_strict.json,"results/test_references.json, re-keyed",computed here; the repository stores none per arm
gloryxr_strict,inchi_no_stereo,50,evaluated1170,0.6125,0.5867,0.6384,1170,2596,28.885,28.885,results/gloryxr_local_preds_strict.json,"results/test_references.json, re-keyed",computed here; the repository stores none per arm
metatox,inchi_no_stereo,1,evaluated1170,0.0397,0.0325,0.0474,1170,2596,1.0,32.865,results/metatox_smirks_preds_evaluated1170.json,"results/test_references.json, re-keyed",computed here; the repository stores none per arm
metatox,inchi_no_stereo,3,evaluated1170,0.1479,0.1336,0.1628,1170,2596,2.998,32.865,results/metatox_smirks_preds_evaluated1170.json,"results/test_references.json, re-keyed",computed here; the repository stores none per arm
metatox,inchi_no_stereo,5,evaluated1170,0.2346,0.2167,0.2532,1170,2596,4.995,32.865,results/metatox_smirks_preds_evaluated1170.json,"results/test_references.json, re-keyed",computed here; the repository stores none per arm
metatox,inchi_no_stereo,8,evaluated1170,0.3251,0.3041,0.3476,1170,2596,7.973,32.865,results/metatox_smirks_preds_evaluated1170.json,"results/test_references.json, re-keyed",computed here; the repository stores none per arm
metatox,inchi_no_stereo,10,evaluated1170,0.3867,0.3644,0.41,1170,2596,9.929,32.865,results/metatox_smirks_preds_evaluated1170.json,"results/test_references.json, re-keyed",computed here; the repository stores none per arm
metatox,inchi_no_stereo,15,evaluated1170,0.4811,0.4575,0.5057,1170,2596,14.619,32.865,results/metatox_smirks_preds_evaluated1170.json,"results/test_references.json, re-keyed",computed here; the repository stores none per arm
metatox,inchi_no_stereo,20,evaluated1170,0.5262,0.5014,0.5512,1170,2596,18.869,32.865,results/metatox_smirks_preds_evaluated1170.json,"results/test_references.json, re-keyed",computed here; the repository stores none per arm
metatox,inchi_no_stereo,30,evaluated1170,0.5743,0.5495,0.5997,1170,2596,25.688,32.865,results/metatox_smirks_preds_evaluated1170.json,"results/test_references.json, re-keyed",computed here; the repository stores none per arm
metatox,inchi_no_stereo,50,evaluated1170,0.6171,0.5922,0.642,1170,2596,32.865,32.865,results/metatox_smirks_preds_evaluated1170.json,"results/test_references.json, re-keyed",computed here; the repository stores none per arm
whole bank,tanimoto1,1,evaluated1170,0.0865,0.076,0.0978,1170,2590,1.0,97.247,results/widepools_fulltest/w*.json,"results/test_references.json, re-keyed",computed here; the repository stores none per arm
whole bank,tanimoto1,3,evaluated1170,0.1776,0.1611,0.195,1170,2590,2.998,97.247,results/widepools_fulltest/w*.json,"results/test_references.json, re-keyed",computed here; the repository stores none per arm
whole bank,tanimoto1,5,evaluated1170,0.234,0.2151,0.254,1170,2590,4.997,97.247,results/widepools_fulltest/w*.json,"results/test_references.json, re-keyed",computed here; the repository stores none per arm
whole bank,tanimoto1,8,evaluated1170,0.2981,0.2763,0.3203,1170,2590,7.994,97.247,results/widepools_fulltest/w*.json,"results/test_references.json, re-keyed",computed here; the repository stores none per arm
whole bank,tanimoto1,10,evaluated1170,0.3293,0.306,0.3531,1170,2590,9.992,97.247,results/widepools_fulltest/w*.json,"results/test_references.json, re-keyed",computed here; the repository stores none per arm
whole bank,tanimoto1,15,evaluated1170,0.3938,0.368,0.4189,1170,2590,14.988,97.247,results/widepools_fulltest/w*.json,"results/test_references.json, re-keyed",computed here; the repository stores none per arm
whole bank,tanimoto1,20,evaluated1170,0.4313,0.4044,0.4577,1170,2590,19.984,97.247,results/widepools_fulltest/w*.json,"results/test_references.json, re-keyed",computed here; the repository stores none per arm
whole bank,tanimoto1,30,evaluated1170,0.4703,0.4418,0.4985,1170,2590,29.971,97.247,results/widepools_fulltest/w*.json,"results/test_references.json, re-keyed",computed here; the repository stores none per arm
whole bank,tanimoto1,50,evaluated1170,0.5174,0.4872,0.5471,1170,2590,49.877,97.247,results/widepools_fulltest/w*.json,"results/test_references.json, re-keyed",computed here; the repository stores none per arm
trained budget,tanimoto1,1,evaluated1170,0.0888,0.0784,0.1001,1170,2590,1.0,16.965,results/widepools_k30_fulltest/w*.json,"results/test_references.json, re-keyed",computed here; the repository stores none per arm
trained budget,tanimoto1,3,evaluated1170,0.1888,0.1722,0.2062,1170,2590,2.996,16.965,results/widepools_k30_fulltest/w*.json,"results/test_references.json, re-keyed",computed here; the repository stores none per arm
trained budget,tanimoto1,5,evaluated1170,0.2521,0.2324,0.2729,1170,2590,4.954,16.965,results/widepools_k30_fulltest/w*.json,"results/test_references.json, re-keyed",computed here; the repository stores none per arm
trained budget,tanimoto1,8,evaluated1170,0.3089,0.2863,0.3326,1170,2590,7.67,16.965,results/widepools_k30_fulltest/w*.json,"results/test_references.json, re-keyed",computed here; the repository stores none per arm
trained budget,tanimoto1,10,evaluated1170,0.3378,0.3136,0.3626,1170,2590,9.201,16.965,results/widepools_k30_fulltest/w*.json,"results/test_references.json, re-keyed",computed here; the repository stores none per arm
trained budget,tanimoto1,15,evaluated1170,0.3714,0.346,0.3976,1170,2590,11.94,16.965,results/widepools_k30_fulltest/w*.json,"results/test_references.json, re-keyed",computed here; the repository stores none per arm
trained budget,tanimoto1,20,evaluated1170,0.383,0.3574,0.4093,1170,2590,13.444,16.965,results/widepools_k30_fulltest/w*.json,"results/test_references.json, re-keyed",computed here; the repository stores none per arm
trained budget,tanimoto1,30,evaluated1170,0.3892,0.3634,0.4157,1170,2590,14.885,16.965,results/widepools_k30_fulltest/w*.json,"results/test_references.json, re-keyed",computed here; the repository stores none per arm
trained budget,tanimoto1,50,evaluated1170,0.3903,0.3643,0.4169,1170,2590,15.991,16.965,results/widepools_k30_fulltest/w*.json,"results/test_references.json, re-keyed",computed here; the repository stores none per arm
sygma,tanimoto1,1,evaluated1170,0.1429,0.1299,0.1566,1170,2590,0.996,40.879,results/sygma_fulltest_predictions.json,"results/test_references.json, re-keyed",computed here; the repository stores none per arm
sygma,tanimoto1,3,evaluated1170,0.2938,0.2738,0.315,1170,2590,2.987,40.879,results/sygma_fulltest_predictions.json,"results/test_references.json, re-keyed",computed here; the repository stores none per arm
sygma,tanimoto1,5,evaluated1170,0.3753,0.353,0.3992,1170,2590,4.968,40.879,results/sygma_fulltest_predictions.json,"results/test_references.json, re-keyed",computed here; the repository stores none per arm
sygma,tanimoto1,8,evaluated1170,0.4266,0.4035,0.4513,1170,2590,7.913,40.879,results/sygma_fulltest_predictions.json,"results/test_references.json, re-keyed",computed here; the repository stores none per arm
sygma,tanimoto1,10,evaluated1170,0.449,0.4258,0.4739,1170,2590,9.833,40.879,results/sygma_fulltest_predictions.json,"results/test_references.json, re-keyed",computed here; the repository stores none per arm
sygma,tanimoto1,15,evaluated1170,0.4792,0.4548,0.505,1170,2590,14.534,40.879,results/sygma_fulltest_predictions.json,"results/test_references.json, re-keyed",computed here; the repository stores none per arm
sygma,tanimoto1,20,evaluated1170,0.4903,0.4656,0.516,1170,2590,19.095,40.879,results/sygma_fulltest_predictions.json,"results/test_references.json, re-keyed",computed here; the repository stores none per arm
sygma,tanimoto1,30,evaluated1170,0.4977,0.4731,0.5235,1170,2590,27.478,40.879,results/sygma_fulltest_predictions.json,"results/test_references.json, re-keyed",computed here; the repository stores none per arm
sygma,tanimoto1,50,evaluated1170,0.4992,0.4747,0.5246,1170,2590,40.879,40.879,results/sygma_fulltest_predictions.json,"results/test_references.json, re-keyed",computed here; the repository stores none per arm
metapredictor,tanimoto1,1,evaluated1170,0.1544,0.1408,0.1683,1170,2590,0.997,10.917,artifacts/tier2_1170/metapredictor_preds.json,"results/test_references.json, re-keyed",computed here; the repository stores none per arm
metapredictor,tanimoto1,3,evaluated1170,0.2954,0.2752,0.3157,1170,2590,2.989,10.917,artifacts/tier2_1170/metapredictor_preds.json,"results/test_references.json, re-keyed",computed here; the repository stores none per arm
metapredictor,tanimoto1,5,evaluated1170,0.3707,0.3479,0.3938,1170,2590,4.973,10.917,artifacts/tier2_1170/metapredictor_preds.json,"results/test_references.json, re-keyed",computed here; the repository stores none per arm
metapredictor,tanimoto1,8,evaluated1170,0.4324,0.4081,0.4569,1170,2590,7.863,10.917,artifacts/tier2_1170/metapredictor_preds.json,"results/test_references.json, re-keyed",computed here; the repository stores none per arm
metapredictor,tanimoto1,10,evaluated1170,0.4533,0.4293,0.4776,1170,2590,9.43,10.917,artifacts/tier2_1170/metapredictor_preds.json,"results/test_references.json, re-keyed",computed here; the repository stores none per arm
metapredictor,tanimoto1,15,evaluated1170,0.4676,0.4437,0.4918,1170,2590,10.898,10.917,artifacts/tier2_1170/metapredictor_preds.json,"results/test_references.json, re-keyed",computed here; the repository stores none per arm
metapredictor,tanimoto1,20,evaluated1170,0.4683,0.4444,0.4926,1170,2590,10.917,10.917,artifacts/tier2_1170/metapredictor_preds.json,"results/test_references.json, re-keyed",computed here; the repository stores none per arm
metapredictor,tanimoto1,30,evaluated1170,0.4683,0.4444,0.4926,1170,2590,10.917,10.917,artifacts/tier2_1170/metapredictor_preds.json,"results/test_references.json, re-keyed",computed here; the repository stores none per arm
metapredictor,tanimoto1,50,evaluated1170,0.4683,0.4444,0.4926,1170,2590,10.917,10.917,artifacts/tier2_1170/metapredictor_preds.json,"results/test_references.json, re-keyed",computed here; the repository stores none per arm
biotransformer,tanimoto1,1,evaluated1170,0.0521,0.0441,0.0606,1170,2590,0.909,11.298,results/biotransformer_fulltest_preds.json,"results/test_references.json, re-keyed",computed here; the repository stores none per arm
biotransformer,tanimoto1,3,evaluated1170,0.1344,0.1201,0.1487,1170,2590,2.686,11.298,results/biotransformer_fulltest_preds.json,"results/test_references.json, re-keyed",computed here; the repository stores none per arm
biotransformer,tanimoto1,5,evaluated1170,0.1915,0.1744,0.2085,1170,2590,4.366,11.298,results/biotransformer_fulltest_preds.json,"results/test_references.json, re-keyed",computed here; the repository stores none per arm
biotransformer,tanimoto1,8,evaluated1170,0.2498,0.2296,0.2702,1170,2590,6.582,11.298,results/biotransformer_fulltest_preds.json,"results/test_references.json, re-keyed",computed here; the repository stores none per arm
biotransformer,tanimoto1,10,evaluated1170,0.2842,0.2623,0.3065,1170,2590,7.79,11.298,results/biotransformer_fulltest_preds.json,"results/test_references.json, re-keyed",computed here; the repository stores none per arm
biotransformer,tanimoto1,15,evaluated1170,0.334,0.3102,0.3573,1170,2590,9.827,11.298,results/biotransformer_fulltest_preds.json,"results/test_references.json, re-keyed",computed here; the repository stores none per arm
biotransformer,tanimoto1,20,evaluated1170,0.356,0.3314,0.3803,1170,2590,10.71,11.298,results/biotransformer_fulltest_preds.json,"results/test_references.json, re-keyed",computed here; the repository stores none per arm
biotransformer,tanimoto1,30,evaluated1170,0.3649,0.3396,0.39,1170,2590,11.166,11.298,results/biotransformer_fulltest_preds.json,"results/test_references.json, re-keyed",computed here; the repository stores none per arm
biotransformer,tanimoto1,50,evaluated1170,0.3656,0.3404,0.3909,1170,2590,11.298,11.298,results/biotransformer_fulltest_preds.json,"results/test_references.json, re-keyed",computed here; the repository stores none per arm
gloryx,tanimoto1,1,evaluated1170,0.0714,0.0626,0.0807,1170,2590,0.997,29.045,results/gloryx_service_preds_evaluated1170.json,"results/test_references.json, re-keyed",computed here; the repository stores none per arm
gloryx,tanimoto1,3,evaluated1170,0.1896,0.1736,0.2064,1170,2590,2.99,29.045,results/gloryx_service_preds_evaluated1170.json,"results/test_references.json, re-keyed",computed here; the repository stores none per arm
gloryx,tanimoto1,5,evaluated1170,0.2861,0.2667,0.3067,1170,2590,4.979,29.045,results/gloryx_service_preds_evaluated1170.json,"results/test_references.json, re-keyed",computed here; the repository stores none per arm
gloryx,tanimoto1,8,evaluated1170,0.3876,0.3647,0.4112,1170,2590,7.929,29.045,results/gloryx_service_preds_evaluated1170.json,"results/test_references.json, re-keyed",computed here; the repository stores none per arm
gloryx,tanimoto1,10,evaluated1170,0.434,0.4103,0.4583,1170,2590,9.846,29.045,results/gloryx_service_preds_evaluated1170.json,"results/test_references.json, re-keyed",computed here; the repository stores none per arm
gloryx,tanimoto1,15,evaluated1170,0.5035,0.4788,0.5287,1170,2590,14.329,29.045,results/gloryx_service_preds_evaluated1170.json,"results/test_references.json, re-keyed",computed here; the repository stores none per arm
gloryx,tanimoto1,20,evaluated1170,0.5382,0.5126,0.5646,1170,2590,18.14,29.045,results/gloryx_service_preds_evaluated1170.json,"results/test_references.json, re-keyed",computed here; the repository stores none per arm
gloryx,tanimoto1,30,evaluated1170,0.5676,0.5417,0.5938,1170,2590,23.966,29.045,results/gloryx_service_preds_evaluated1170.json,"results/test_references.json, re-keyed",computed here; the repository stores none per arm
gloryx,tanimoto1,50,evaluated1170,0.5792,0.5533,0.6053,1170,2590,29.045,29.045,results/gloryx_service_preds_evaluated1170.json,"results/test_references.json, re-keyed",computed here; the repository stores none per arm
gloryxr_default,tanimoto1,1,evaluated1170,0.0815,0.0718,0.0915,1170,2590,0.999,28.944,results/gloryxr_local_preds_default.json,"results/test_references.json, re-keyed",computed here; the repository stores none per arm
gloryxr_default,tanimoto1,3,evaluated1170,0.2127,0.1958,0.2303,1170,2590,2.997,28.944,results/gloryxr_local_preds_default.json,"results/test_references.json, re-keyed",computed here; the repository stores none per arm
gloryxr_default,tanimoto1,5,evaluated1170,0.3085,0.2881,0.33,1170,2590,4.991,28.944,results/gloryxr_local_preds_default.json,"results/test_references.json, re-keyed",computed here; the repository stores none per arm
gloryxr_default,tanimoto1,8,evaluated1170,0.39,0.3664,0.4134,1170,2590,7.947,28.944,results/gloryxr_local_preds_default.json,"results/test_references.json, re-keyed",computed here; the repository stores none per arm
gloryxr_default,tanimoto1,10,evaluated1170,0.429,0.4054,0.4527,1170,2590,9.868,28.944,results/gloryxr_local_preds_default.json,"results/test_references.json, re-keyed",computed here; the repository stores none per arm
gloryxr_default,tanimoto1,15,evaluated1170,0.4942,0.4703,0.5189,1170,2590,14.347,28.944,results/gloryxr_local_preds_default.json,"results/test_references.json, re-keyed",computed here; the repository stores none per arm
gloryxr_default,tanimoto1,20,evaluated1170,0.5305,0.5057,0.5561,1170,2590,18.138,28.944,results/gloryxr_local_preds_default.json,"results/test_references.json, re-keyed",computed here; the repository stores none per arm
gloryxr_default,tanimoto1,30,evaluated1170,0.5637,0.5384,0.5892,1170,2590,23.925,28.944,results/gloryxr_local_preds_default.json,"results/test_references.json, re-keyed",computed here; the repository stores none per arm
gloryxr_default,tanimoto1,50,evaluated1170,0.5768,0.5513,0.6026,1170,2590,28.944,28.944,results/gloryxr_local_preds_default.json,"results/test_references.json, re-keyed",computed here; the repository stores none per arm
gloryxr_strict,tanimoto1,1,evaluated1170,0.1081,0.0969,0.1196,1170,2590,0.999,28.944,results/gloryxr_local_preds_strict.json,"results/test_references.json, re-keyed",computed here; the repository stores none per arm
gloryxr_strict,tanimoto1,3,evaluated1170,0.2444,0.2264,0.2634,1170,2590,2.997,28.944,results/gloryxr_local_preds_strict.json,"results/test_references.json, re-keyed",computed here; the repository stores none per arm
gloryxr_strict,tanimoto1,5,evaluated1170,0.334,0.3122,0.3564,1170,2590,4.991,28.944,results/gloryxr_local_preds_strict.json,"results/test_references.json, re-keyed",computed here; the repository stores none per arm
gloryxr_strict,tanimoto1,8,evaluated1170,0.4046,0.3812,0.429,1170,2590,7.947,28.944,results/gloryxr_local_preds_strict.json,"results/test_references.json, re-keyed",computed here; the repository stores none per arm
gloryxr_strict,tanimoto1,10,evaluated1170,0.4429,0.4197,0.4673,1170,2590,9.868,28.944,results/gloryxr_local_preds_strict.json,"results/test_references.json, re-keyed",computed here; the repository stores none per arm
gloryxr_strict,tanimoto1,15,evaluated1170,0.4923,0.4682,0.5171,1170,2590,14.347,28.944,results/gloryxr_local_preds_strict.json,"results/test_references.json, re-keyed",computed here; the repository stores none per arm
gloryxr_strict,tanimoto1,20,evaluated1170,0.5243,0.4994,0.5498,1170,2590,18.138,28.944,results/gloryxr_local_preds_strict.json,"results/test_references.json, re-keyed",computed here; the repository stores none per arm
gloryxr_strict,tanimoto1,30,evaluated1170,0.5556,0.5303,0.581,1170,2590,23.925,28.944,results/gloryxr_local_preds_strict.json,"results/test_references.json, re-keyed",computed here; the repository stores none per arm
gloryxr_strict,tanimoto1,50,evaluated1170,0.5749,0.5493,0.6005,1170,2590,28.944,28.944,results/gloryxr_local_preds_strict.json,"results/test_references.json, re-keyed",computed here; the repository stores none per arm
metatox,tanimoto1,1,evaluated1170,0.0351,0.0283,0.0424,1170,2590,1.0,33.115,results/metatox_smirks_preds_evaluated1170.json,"results/test_references.json, re-keyed",computed here; the repository stores none per arm
metatox,tanimoto1,3,evaluated1170,0.1212,0.1079,0.1352,1170,2590,2.998,33.115,results/metatox_smirks_preds_evaluated1170.json,"results/test_references.json, re-keyed",computed here; the repository stores none per arm
metatox,tanimoto1,5,evaluated1170,0.1915,0.1743,0.2093,1170,2590,4.995,33.115,results/metatox_smirks_preds_evaluated1170.json,"results/test_references.json, re-keyed",computed here; the repository stores none per arm
metatox,tanimoto1,8,evaluated1170,0.2571,0.2365,0.2787,1170,2590,7.973,33.115,results/metatox_smirks_preds_evaluated1170.json,"results/test_references.json, re-keyed",computed here; the repository stores none per arm
metatox,tanimoto1,10,evaluated1170,0.3004,0.2773,0.3237,1170,2590,9.932,33.115,results/metatox_smirks_preds_evaluated1170.json,"results/test_references.json, re-keyed",computed here; the repository stores none per arm
metatox,tanimoto1,15,evaluated1170,0.3591,0.3331,0.3849,1170,2590,14.636,33.115,results/metatox_smirks_preds_evaluated1170.json,"results/test_references.json, re-keyed",computed here; the repository stores none per arm
metatox,tanimoto1,20,evaluated1170,0.3911,0.3641,0.4177,1170,2590,18.896,33.115,results/metatox_smirks_preds_evaluated1170.json,"results/test_references.json, re-keyed",computed here; the repository stores none per arm
metatox,tanimoto1,30,evaluated1170,0.4205,0.3923,0.4484,1170,2590,25.805,33.115,results/metatox_smirks_preds_evaluated1170.json,"results/test_references.json, re-keyed",computed here; the repository stores none per arm
metatox,tanimoto1,50,evaluated1170,0.4502,0.4215,0.4785,1170,2590,33.115,33.115,results/metatox_smirks_preds_evaluated1170.json,"results/test_references.json, re-keyed",computed here; the repository stores none per arm
whole bank,inchikey_tautomer,1,evaluated1170,0.107,0.0955,0.1194,1170,2597,1.0,97.937,results/widepools_fulltest/w*.json,"results/test_references.json, re-keyed",computed here; the repository stores none per arm
whole bank,inchikey_tautomer,3,evaluated1170,0.2287,0.2111,0.2476,1170,2597,2.998,97.937,results/widepools_fulltest/w*.json,"results/test_references.json, re-keyed",computed here; the repository stores none per arm
whole bank,inchikey_tautomer,5,evaluated1170,0.3057,0.2857,0.327,1170,2597,4.997,97.937,results/widepools_fulltest/w*.json,"results/test_references.json, re-keyed",computed here; the repository stores none per arm
whole bank,inchikey_tautomer,8,evaluated1170,0.3962,0.374,0.4198,1170,2597,7.994,97.937,results/widepools_fulltest/w*.json,"results/test_references.json, re-keyed",computed here; the repository stores none per arm
whole bank,inchikey_tautomer,10,evaluated1170,0.439,0.4159,0.4631,1170,2597,9.992,97.937,results/widepools_fulltest/w*.json,"results/test_references.json, re-keyed",computed here; the repository stores none per arm
whole bank,inchikey_tautomer,15,evaluated1170,0.5295,0.505,0.5547,1170,2597,14.988,97.937,results/widepools_fulltest/w*.json,"results/test_references.json, re-keyed",computed here; the repository stores none per arm
whole bank,inchikey_tautomer,20,evaluated1170,0.5834,0.5585,0.6092,1170,2597,19.984,97.937,results/widepools_fulltest/w*.json,"results/test_references.json, re-keyed",computed here; the repository stores none per arm
whole bank,inchikey_tautomer,30,evaluated1170,0.6484,0.6233,0.6748,1170,2597,29.971,97.937,results/widepools_fulltest/w*.json,"results/test_references.json, re-keyed",computed here; the repository stores none per arm
whole bank,inchikey_tautomer,50,evaluated1170,0.7174,0.6925,0.743,1170,2597,49.88,97.937,results/widepools_fulltest/w*.json,"results/test_references.json, re-keyed",computed here; the repository stores none per arm
trained budget,inchikey_tautomer,1,evaluated1170,0.1167,0.1046,0.1294,1170,2597,1.0,17.068,results/widepools_k30_fulltest/w*.json,"results/test_references.json, re-keyed",computed here; the repository stores none per arm
trained budget,inchikey_tautomer,3,evaluated1170,0.2472,0.2294,0.2668,1170,2597,2.996,17.068,results/widepools_k30_fulltest/w*.json,"results/test_references.json, re-keyed",computed here; the repository stores none per arm
trained budget,inchikey_tautomer,5,evaluated1170,0.3285,0.3081,0.3508,1170,2597,4.954,17.068,results/widepools_k30_fulltest/w*.json,"results/test_references.json, re-keyed",computed here; the repository stores none per arm
trained budget,inchikey_tautomer,8,evaluated1170,0.4024,0.3798,0.4269,1170,2597,7.669,17.068,results/widepools_k30_fulltest/w*.json,"results/test_references.json, re-keyed",computed here; the repository stores none per arm
trained budget,inchikey_tautomer,10,evaluated1170,0.4394,0.4158,0.4646,1170,2597,9.2,17.068,results/widepools_k30_fulltest/w*.json,"results/test_references.json, re-keyed",computed here; the repository stores none per arm
trained budget,inchikey_tautomer,15,evaluated1170,0.4875,0.4624,0.5139,1170,2597,11.949,17.068,results/widepools_k30_fulltest/w*.json,"results/test_references.json, re-keyed",computed here; the repository stores none per arm
trained budget,inchikey_tautomer,20,evaluated1170,0.5052,0.4804,0.5315,1170,2597,13.458,17.068,results/widepools_k30_fulltest/w*.json,"results/test_references.json, re-keyed",computed here; the repository stores none per arm
trained budget,inchikey_tautomer,30,evaluated1170,0.5144,0.4893,0.541,1170,2597,14.923,17.068,results/widepools_k30_fulltest/w*.json,"results/test_references.json, re-keyed",computed here; the repository stores none per arm
trained budget,inchikey_tautomer,50,evaluated1170,0.5156,0.4903,0.5424,1170,2597,16.058,17.068,results/widepools_k30_fulltest/w*.json,"results/test_references.json, re-keyed",computed here; the repository stores none per arm
sygma,inchikey_tautomer,1,evaluated1170,0.1533,0.1399,0.1675,1170,2597,0.996,40.918,results/sygma_fulltest_predictions.json,"results/test_references.json, re-keyed",computed here; the repository stores none per arm
sygma,inchikey_tautomer,3,evaluated1170,0.3134,0.2934,0.3345,1170,2597,2.987,40.918,results/sygma_fulltest_predictions.json,"results/test_references.json, re-keyed",computed here; the repository stores none per arm
sygma,inchikey_tautomer,5,evaluated1170,0.4016,0.3788,0.4254,1170,2597,4.968,40.918,results/sygma_fulltest_predictions.json,"results/test_references.json, re-keyed",computed here; the repository stores none per arm
sygma,inchikey_tautomer,8,evaluated1170,0.4575,0.4341,0.4824,1170,2597,7.913,40.918,results/sygma_fulltest_predictions.json,"results/test_references.json, re-keyed",computed here; the repository stores none per arm
sygma,inchikey_tautomer,10,evaluated1170,0.4813,0.4579,0.5061,1170,2597,9.833,40.918,results/sygma_fulltest_predictions.json,"results/test_references.json, re-keyed",computed here; the repository stores none per arm
sygma,inchikey_tautomer,15,evaluated1170,0.5137,0.489,0.539,1170,2597,14.534,40.918,results/sygma_fulltest_predictions.json,"results/test_references.json, re-keyed",computed here; the repository stores none per arm
sygma,inchikey_tautomer,20,evaluated1170,0.5268,0.5018,0.5523,1170,2597,19.097,40.918,results/sygma_fulltest_predictions.json,"results/test_references.json, re-keyed",computed here; the repository stores none per arm
sygma,inchikey_tautomer,30,evaluated1170,0.5341,0.5095,0.5593,1170,2597,27.494,40.918,results/sygma_fulltest_predictions.json,"results/test_references.json, re-keyed",computed here; the repository stores none per arm
sygma,inchikey_tautomer,50,evaluated1170,0.536,0.5115,0.5613,1170,2597,40.918,40.918,results/sygma_fulltest_predictions.json,"results/test_references.json, re-keyed",computed here; the repository stores none per arm
metapredictor,inchikey_tautomer,1,evaluated1170,0.1621,0.1481,0.1765,1170,2597,0.997,10.613,artifacts/tier2_1170/metapredictor_preds.json,"results/test_references.json, re-keyed",computed here; the repository stores none per arm
metapredictor,inchikey_tautomer,3,evaluated1170,0.3123,0.292,0.3336,1170,2597,2.989,10.613,artifacts/tier2_1170/metapredictor_preds.json,"results/test_references.json, re-keyed",computed here; the repository stores none per arm
metapredictor,inchikey_tautomer,5,evaluated1170,0.3939,0.3711,0.4178,1170,2597,4.974,10.613,artifacts/tier2_1170/metapredictor_preds.json,"results/test_references.json, re-keyed",computed here; the repository stores none per arm
metapredictor,inchikey_tautomer,8,evaluated1170,0.4621,0.4376,0.4867,1170,2597,7.833,10.613,artifacts/tier2_1170/metapredictor_preds.json,"results/test_references.json, re-keyed",computed here; the repository stores none per arm
metapredictor,inchikey_tautomer,10,evaluated1170,0.484,0.4601,0.5084,1170,2597,9.336,10.613,artifacts/tier2_1170/metapredictor_preds.json,"results/test_references.json, re-keyed",computed here; the repository stores none per arm
metapredictor,inchikey_tautomer,15,evaluated1170,0.4975,0.4734,0.5223,1170,2597,10.601,10.613,artifacts/tier2_1170/metapredictor_preds.json,"results/test_references.json, re-keyed",computed here; the repository stores none per arm
metapredictor,inchikey_tautomer,20,evaluated1170,0.4979,0.4738,0.5227,1170,2597,10.613,10.613,artifacts/tier2_1170/metapredictor_preds.json,"results/test_references.json, re-keyed",computed here; the repository stores none per arm
metapredictor,inchikey_tautomer,30,evaluated1170,0.4979,0.4738,0.5227,1170,2597,10.613,10.613,artifacts/tier2_1170/metapredictor_preds.json,"results/test_references.json, re-keyed",computed here; the repository stores none per arm
metapredictor,inchikey_tautomer,50,evaluated1170,0.4979,0.4738,0.5227,1170,2597,10.613,10.613,artifacts/tier2_1170/metapredictor_preds.json,"results/test_references.json, re-keyed",computed here; the repository stores none per arm
biotransformer,inchikey_tautomer,1,evaluated1170,0.0647,0.0557,0.0741,1170,2597,0.909,11.353,results/biotransformer_fulltest_preds.json,"results/test_references.json, re-keyed",computed here; the repository stores none per arm
biotransformer,inchikey_tautomer,3,evaluated1170,0.1656,0.1504,0.1809,1170,2597,2.686,11.353,results/biotransformer_fulltest_preds.json,"results/test_references.json, re-keyed",computed here; the repository stores none per arm
biotransformer,inchikey_tautomer,5,evaluated1170,0.2349,0.2168,0.2532,1170,2597,4.366,11.353,results/biotransformer_fulltest_preds.json,"results/test_references.json, re-keyed",computed here; the repository stores none per arm
biotransformer,inchikey_tautomer,8,evaluated1170,0.3073,0.2865,0.3286,1170,2597,6.584,11.353,results/biotransformer_fulltest_preds.json,"results/test_references.json, re-keyed",computed here; the repository stores none per arm
biotransformer,inchikey_tautomer,10,evaluated1170,0.3489,0.3272,0.3711,1170,2597,7.791,11.353,results/biotransformer_fulltest_preds.json,"results/test_references.json, re-keyed",computed here; the repository stores none per arm
biotransformer,inchikey_tautomer,15,evaluated1170,0.4162,0.393,0.4393,1170,2597,9.832,11.353,results/biotransformer_fulltest_preds.json,"results/test_references.json, re-keyed",computed here; the repository stores none per arm
biotransformer,inchikey_tautomer,20,evaluated1170,0.4444,0.4202,0.4679,1170,2597,10.726,11.353,results/biotransformer_fulltest_preds.json,"results/test_references.json, re-keyed",computed here; the repository stores none per arm
biotransformer,inchikey_tautomer,30,evaluated1170,0.4563,0.4316,0.4808,1170,2597,11.196,11.353,results/biotransformer_fulltest_preds.json,"results/test_references.json, re-keyed",computed here; the repository stores none per arm
biotransformer,inchikey_tautomer,50,evaluated1170,0.4575,0.4325,0.4822,1170,2597,11.353,11.353,results/biotransformer_fulltest_preds.json,"results/test_references.json, re-keyed",computed here; the repository stores none per arm
gloryx,inchikey_tautomer,1,evaluated1170,0.0836,0.0742,0.0934,1170,2597,0.997,28.256,results/gloryx_service_preds_evaluated1170.json,"results/test_references.json, re-keyed",computed here; the repository stores none per arm
gloryx,inchikey_tautomer,3,evaluated1170,0.2091,0.1928,0.2258,1170,2597,2.99,28.256,results/gloryx_service_preds_evaluated1170.json,"results/test_references.json, re-keyed",computed here; the repository stores none per arm
gloryx,inchikey_tautomer,5,evaluated1170,0.3123,0.2924,0.3332,1170,2597,4.979,28.256,results/gloryx_service_preds_evaluated1170.json,"results/test_references.json, re-keyed",computed here; the repository stores none per arm
gloryx,inchikey_tautomer,8,evaluated1170,0.4193,0.396,0.4431,1170,2597,7.926,28.256,results/gloryx_service_preds_evaluated1170.json,"results/test_references.json, re-keyed",computed here; the repository stores none per arm
gloryx,inchikey_tautomer,10,evaluated1170,0.4682,0.4443,0.493,1170,2597,9.839,28.256,results/gloryx_service_preds_evaluated1170.json,"results/test_references.json, re-keyed",computed here; the repository stores none per arm
gloryx,inchikey_tautomer,15,evaluated1170,0.5445,0.5197,0.5701,1170,2597,14.289,28.256,results/gloryx_service_preds_evaluated1170.json,"results/test_references.json, re-keyed",computed here; the repository stores none per arm
gloryx,inchikey_tautomer,20,evaluated1170,0.5845,0.5588,0.6107,1170,2597,18.026,28.256,results/gloryx_service_preds_evaluated1170.json,"results/test_references.json, re-keyed",computed here; the repository stores none per arm
gloryx,inchikey_tautomer,30,evaluated1170,0.6157,0.5895,0.6417,1170,2597,23.615,28.256,results/gloryx_service_preds_evaluated1170.json,"results/test_references.json, re-keyed",computed here; the repository stores none per arm
gloryx,inchikey_tautomer,50,evaluated1170,0.6307,0.6042,0.6568,1170,2597,28.256,28.256,results/gloryx_service_preds_evaluated1170.json,"results/test_references.json, re-keyed",computed here; the repository stores none per arm
gloryxr_default,inchikey_tautomer,1,evaluated1170,0.0936,0.0832,0.1045,1170,2597,0.999,28.113,results/gloryxr_local_preds_default.json,"results/test_references.json, re-keyed",computed here; the repository stores none per arm
gloryxr_default,inchikey_tautomer,3,evaluated1170,0.2333,0.2156,0.2518,1170,2597,2.997,28.113,results/gloryxr_local_preds_default.json,"results/test_references.json, re-keyed",computed here; the repository stores none per arm
gloryxr_default,inchikey_tautomer,5,evaluated1170,0.3331,0.3118,0.3556,1170,2597,4.991,28.113,results/gloryxr_local_preds_default.json,"results/test_references.json, re-keyed",computed here; the repository stores none per arm
gloryxr_default,inchikey_tautomer,8,evaluated1170,0.4182,0.3941,0.4429,1170,2597,7.944,28.113,results/gloryxr_local_preds_default.json,"results/test_references.json, re-keyed",computed here; the repository stores none per arm
gloryxr_default,inchikey_tautomer,10,evaluated1170,0.4605,0.4358,0.4855,1170,2597,9.86,28.113,results/gloryxr_local_preds_default.json,"results/test_references.json, re-keyed",computed here; the repository stores none per arm
gloryxr_default,inchikey_tautomer,15,evaluated1170,0.5306,0.5058,0.5562,1170,2597,14.299,28.113,results/gloryxr_local_preds_default.json,"results/test_references.json, re-keyed",computed here; the repository stores none per arm
gloryxr_default,inchikey_tautomer,20,evaluated1170,0.5703,0.5452,0.5962,1170,2597,18.007,28.113,results/gloryxr_local_preds_default.json,"results/test_references.json, re-keyed",computed here; the repository stores none per arm
gloryxr_default,inchikey_tautomer,30,evaluated1170,0.6057,0.58,0.6313,1170,2597,23.544,28.113,results/gloryxr_local_preds_default.json,"results/test_references.json, re-keyed",computed here; the repository stores none per arm
gloryxr_default,inchikey_tautomer,50,evaluated1170,0.6219,0.5957,0.6479,1170,2597,28.113,28.113,results/gloryxr_local_preds_default.json,"results/test_references.json, re-keyed",computed here; the repository stores none per arm
gloryxr_strict,inchikey_tautomer,1,evaluated1170,0.1205,0.1087,0.1329,1170,2597,0.999,28.113,results/gloryxr_local_preds_strict.json,"results/test_references.json, re-keyed",computed here; the repository stores none per arm
gloryxr_strict,inchikey_tautomer,3,evaluated1170,0.2649,0.2462,0.2848,1170,2597,2.997,28.113,results/gloryxr_local_preds_strict.json,"results/test_references.json, re-keyed",computed here; the repository stores none per arm
gloryxr_strict,inchikey_tautomer,5,evaluated1170,0.3577,0.3353,0.3811,1170,2597,4.991,28.113,results/gloryxr_local_preds_strict.json,"results/test_references.json, re-keyed",computed here; the repository stores none per arm
gloryxr_strict,inchikey_tautomer,8,evaluated1170,0.4343,0.4099,0.4596,1170,2597,7.944,28.113,results/gloryxr_local_preds_strict.json,"results/test_references.json, re-keyed",computed here; the repository stores none per arm
gloryxr_strict,inchikey_tautomer,10,evaluated1170,0.4771,0.4527,0.5025,1170,2597,9.86,28.113,results/gloryxr_local_preds_strict.json,"results/test_references.json, re-keyed",computed here; the repository stores none per arm
gloryxr_strict,inchikey_tautomer,15,evaluated1170,0.5306,0.5059,0.5559,1170,2597,14.299,28.113,results/gloryxr_local_preds_strict.json,"results/test_references.json, re-keyed",computed here; the repository stores none per arm
gloryxr_strict,inchikey_tautomer,20,evaluated1170,0.5645,0.5391,0.59,1170,2597,18.007,28.113,results/gloryxr_local_preds_strict.json,"results/test_references.json, re-keyed",computed here; the repository stores none per arm
gloryxr_strict,inchikey_tautomer,30,evaluated1170,0.5961,0.5706,0.6218,1170,2597,23.544,28.113,results/gloryxr_local_preds_strict.json,"results/test_references.json, re-keyed",computed here; the repository stores none per arm
gloryxr_strict,inchikey_tautomer,50,evaluated1170,0.6203,0.594,0.6463,1170,2597,28.113,28.113,results/gloryxr_local_preds_strict.json,"results/test_references.json, re-keyed",computed here; the repository stores none per arm
metatox,inchikey_tautomer,1,evaluated1170,0.042,0.0346,0.0498,1170,2597,0.999,31.76,results/metatox_smirks_preds_evaluated1170.json,"results/test_references.json, re-keyed",computed here; the repository stores none per arm
metatox,inchikey_tautomer,3,evaluated1170,0.1567,0.1417,0.172,1170,2597,2.997,31.76,results/metatox_smirks_preds_evaluated1170.json,"results/test_references.json, re-keyed",computed here; the repository stores none per arm
metatox,inchikey_tautomer,5,evaluated1170,0.2499,0.2315,0.2688,1170,2597,4.994,31.76,results/metatox_smirks_preds_evaluated1170.json,"results/test_references.json, re-keyed",computed here; the repository stores none per arm
metatox,inchikey_tautomer,8,evaluated1170,0.3458,0.3243,0.3687,1170,2597,7.97,31.76,results/metatox_smirks_preds_evaluated1170.json,"results/test_references.json, re-keyed",computed here; the repository stores none per arm
metatox,inchikey_tautomer,10,evaluated1170,0.4085,0.3855,0.4325,1170,2597,9.921,31.76,results/metatox_smirks_preds_evaluated1170.json,"results/test_references.json, re-keyed",computed here; the repository stores none per arm
metatox,inchikey_tautomer,15,evaluated1170,0.5075,0.4832,0.5322,1170,2597,14.577,31.76,results/metatox_smirks_preds_evaluated1170.json,"results/test_references.json, re-keyed",computed here; the repository stores none per arm
metatox,inchikey_tautomer,20,evaluated1170,0.5522,0.5267,0.5775,1170,2597,18.768,31.76,results/metatox_smirks_preds_evaluated1170.json,"results/test_references.json, re-keyed",computed here; the repository stores none per arm
metatox,inchikey_tautomer,30,evaluated1170,0.6103,0.5851,0.6354,1170,2597,25.335,31.76,results/metatox_smirks_preds_evaluated1170.json,"results/test_references.json, re-keyed",computed here; the repository stores none per arm
metatox,inchikey_tautomer,50,evaluated1170,0.6438,0.6185,0.6686,1170,2597,31.76,31.76,results/metatox_smirks_preds_evaluated1170.json,"results/test_references.json, re-keyed",computed here; the repository stores none per arm
