{
  "seed": 2,
  "config": {
    "train_substrates_requested": 120,
    "eval_split": "val",
    "eval_substrates_requested": 40,
    "beta": 6.0,
    "lam": 0.1,
    "max_depth": 2,
    "max_size": 15,
    "top_k": 40,
    "epochs": 25,
    "n_samples": 12,
    "bootstrap": false,
    "rerank_epochs": 15,
    "bootstrap_epochs": 5,
    "ablation_mode": "off",
    "beta_prime": 6.0,
    "m_ensemble": 3,
    "raw_draw_cap_mult": 10,
    "verdict_margin": 0.02
  },
  "counts": {
    "train_examples": 120,
    "eval_substrates_evaluated": 40
  },
  "metrics": {
    "n_substrates": 40.0,
    "gflownet_recall@15": 0.32875,
    "reranker_recall@15": 0.46708333333333324,
    "beam_recall@15": 0.35902777777777783,
    "modes_discovered": 0.9,
    "modes_discovered_canonical": 0.8,
    "mean_pairwise_tanimoto": 0.21618404030981103,
    "n_unique_scaffolds": 40.875,
    "set_size_calibration": 12.02708333333333,
    "circles@t0.4": 31.575,
    "circles@t0.7": 78.0,
    "gflownet_union@5": 0.020833333333333332,
    "gflownet_union@10": 0.15083333333333332,
    "gflownet_union@15": 0.22111111111111112,
    "gflownet_union@20": 0.3106944444444445,
    "gflownet_union@30": 0.4018055555555556,
    "gflownet_union@50": 0.43791666666666657,
    "gflownet_union_at_k_auc": 0.325516975308642,
    "gflownet_n_skipped": 0.0,
    "reranker_union@5": 0.0,
    "reranker_union@10": 0.0,
    "reranker_union@15": 0.0,
    "reranker_union@20": 0.0,
    "reranker_union@30": 0.0,
    "reranker_union@50": 0.0,
    "reranker_union_at_k_auc": 0.0,
    "union_at_k_auc": 0.162758487654321
  },
  "wall_seconds": 19061.67093682289
}