{
  "seed": 0,
  "config": {
    "train_substrates_requested": 120,
    "eval_split": "val",
    "eval_substrates_requested": 40,
    "beta": 6.0,
    "lam": 0.1,
    "max_depth": 2,
    "max_size": 15,
    "top_k": 40,
    "epochs": 25,
    "n_samples": 12,
    "bootstrap": false,
    "rerank_epochs": 15,
    "bootstrap_epochs": 5,
    "ablation_mode": "off",
    "beta_prime": 6.0,
    "m_ensemble": 3,
    "raw_draw_cap_mult": 10,
    "verdict_margin": 0.02
  },
  "counts": {
    "train_examples": 120,
    "eval_substrates_evaluated": 40
  },
  "metrics": {
    "n_substrates": 40.0,
    "gflownet_recall@15": 0.29625,
    "reranker_recall@15": 0.40458333333333335,
    "beam_recall@15": 0.26250000000000007,
    "modes_discovered": 0.75,
    "modes_discovered_canonical": 0.625,
    "mean_pairwise_tanimoto": 0.21491073086436047,
    "n_unique_scaffolds": 38.975,
    "set_size_calibration": 12.110416666666666,
    "circles@t0.4": 30.775,
    "circles@t0.7": 73.025,
    "gflownet_union@5": 0.09090909090909091,
    "gflownet_union@10": 0.12878787878787878,
    "gflownet_union@15": 0.1893939393939394,
    "gflownet_union@20": 0.21464646464646467,
    "gflownet_union@30": 0.29797979797979796,
    "gflownet_union@50": 0.34090909090909094,
    "gflownet_union_at_k_auc": 0.25126262626262624,
    "gflownet_n_skipped": 0.0,
    "reranker_union@5": 0.08333333333333333,
    "reranker_union@10": 0.08333333333333333,
    "reranker_union@15": 0.08333333333333333,
    "reranker_union@20": 0.08333333333333333,
    "reranker_union@30": 0.3333333333333333,
    "reranker_union@50": 0.3333333333333333,
    "reranker_union_at_k_auc": 0.2222222222222222,
    "union_at_k_auc": 0.23674242424242423
  },
  "wall_seconds": 13011.61721110344
}