{
  "config": "/Users/nikitapolomosnov/PycharmProjects/GRAIL/.claude/worktrees/hungry-pasteur-25d746/artifacts/full5000_single/config.yaml",
  "seeds": [
    0,
    1,
    2
  ],
  "section": "ensemble",
  "note": "deployed generator+filter retrained per seed; evaluated on the full clean test split under inchikey_tautomer match, max_output=15 (the headline protocol).",
  "summary": {
    "exact_match": {
      "mean": 0.01283147989734816,
      "std": 0.001209763526409833,
      "values": [
        0.011976047904191617,
        0.011976047904191617,
        0.01454234388366125
      ]
    },
    "f1": {
      "mean": 0.13795537142883377,
      "std": 0.004249687661754028,
      "values": [
        0.13667236857308993,
        0.13351207240950905,
        0.14368167330390239
      ]
    },
    "jaccard": {
      "mean": 0.09069294842288533,
      "std": 0.0031403902235269446,
      "values": [
        0.08948507425550598,
        0.0875956889256206,
        0.09499808208752943
      ]
    },
    "mean_output_size": {
      "mean": 8.381522668947818,
      "std": 0.04581688218566504,
      "values": [
        8.401197604790418,
        8.318220701454234,
        8.425149700598803
      ]
    },
    "precision": {
      "mean": 0.10893669584858641,
      "std": 0.004896437779786364,
      "values": [
        0.10652251702294481,
        0.10452315719638222,
        0.11576441332643221
      ]
    },
    "recall": {
      "mean": 0.34365933160769585,
      "std": 0.009896488142007642,
      "values": [
        0.3437421662713687,
        0.3314974534706252,
        0.3557383750810935
      ]
    },
    "top_10_recall": {
      "mean": 0.33497669687715687,
      "std": 0.010589634490500606,
      "values": [
        0.33382085243645354,
        0.3226237043701866,
        0.3484855338248305
      ]
    },
    "top_12_recall": {
      "mean": 0.3399973811322295,
      "std": 0.009580759157227895,
      "values": [
        0.33943309733441274,
        0.3285557178941591,
        0.3520033281681167
      ]
    },
    "top_15_recall": {
      "mean": 0.34365933160769585,
      "std": 0.009896488142007642,
      "values": [
        0.3437421662713687,
        0.3314974534706252,
        0.3557383750810935
      ]
    },
    "top_1_recall": {
      "mean": 0.17317505935577673,
      "std": 0.004320395985488137,
      "values": [
        0.16719383341422517,
        0.17508519355109428,
        0.1772461511020108
      ]
    },
    "top_3_recall": {
      "mean": 0.263803153900791,
      "std": 0.006514524075401263,
      "values": [
        0.26545452980366385,
        0.2551280548813806,
        0.2708268770173285
      ]
    },
    "top_5_recall": {
      "mean": 0.302395532516694,
      "std": 0.008217000641658917,
      "values": [
        0.3006905916222749,
        0.2932931784186171,
        0.31320282750919
      ]
    }
  },
  "per_seed": [
    {
      "jaccard": 0.08948507425550598,
      "precision": 0.10652251702294481,
      "recall": 0.3437421662713687,
      "f1": 0.13667236857308993,
      "exact_match": 0.011976047904191617,
      "mean_output_size": 8.401197604790418,
      "top_1_recall": 0.16719383341422517,
      "top_3_recall": 0.26545452980366385,
      "top_5_recall": 0.3006905916222749,
      "top_10_recall": 0.33382085243645354,
      "top_12_recall": 0.33943309733441274,
      "top_15_recall": 0.3437421662713687
    },
    {
      "jaccard": 0.0875956889256206,
      "precision": 0.10452315719638222,
      "recall": 0.3314974534706252,
      "f1": 0.13351207240950905,
      "exact_match": 0.011976047904191617,
      "mean_output_size": 8.318220701454234,
      "top_1_recall": 0.17508519355109428,
      "top_3_recall": 0.2551280548813806,
      "top_5_recall": 0.2932931784186171,
      "top_10_recall": 0.3226237043701866,
      "top_12_recall": 0.3285557178941591,
      "top_15_recall": 0.3314974534706252
    },
    {
      "jaccard": 0.09499808208752943,
      "precision": 0.11576441332643221,
      "recall": 0.3557383750810935,
      "f1": 0.14368167330390239,
      "exact_match": 0.01454234388366125,
      "mean_output_size": 8.425149700598803,
      "top_1_recall": 0.1772461511020108,
      "top_3_recall": 0.2708268770173285,
      "top_5_recall": 0.31320282750919,
      "top_10_recall": 0.3484855338248305,
      "top_12_recall": 0.3520033281681167,
      "top_15_recall": 0.3557383750810935
    }
  ]
}