{
  "n_substrates_scored": 1168,
  "n_native_crashes": 0,
  "crasher_indices": [],
  "crasher_smiles": [],
  "mean_output_size": 80.98458904109589,
  "recall_at": {
    "5": 0.47024357900634756,
    "10": 0.5313080667610217,
    "12": 0.5434684888636528,
    "15": 0.5580117474030586
  },
  "recall_at_tautomer": {
    "5": 0.4806317068602287,
    "10": 0.542754508922361,
    "12": 0.5552478838408218,
    "15": 0.5717888592752047
  }
}